graph_id,sheet_id,reason,n_rooms,program
APT_FP_cf690f05_17438514_u0,APT_FP_cf690f05_17438514,missing_essential:주방,10,드레스룸:1;침실:3;거실:1;실외기실:1;화장실:3;현관:1
APT_FP_efc66948_17434935_u0,APT_FP_efc66948_17434935,missing_essential:주방,10,침실:3;실외기실:1;화장실:2;현관:1;기타:1;발코니:1;거실:1
APT_FP_3cb7530f_17446927_u1,APT_FP_3cb7530f_17446927,"missing_essential:거실,침실,주방,화장실",2,현관:1;기타:1
APT_FP_b2f39035_17446927_u0,APT_FP_b2f39035_17446927,"missing_essential:거실,침실,주방,화장실",2,기타:1;현관:1
APT_FP_9bdd8da4_17438514_u0,APT_FP_9bdd8da4_17438514,missing_essential:주방,8,침실:3;현관:1;기타:1;드레스룸:1;화장실:1;거실:1
APT_FP_11840655_17446927_u3,APT_FP_11840655_17446927,missing_essential:주방,12,현관:1;실외기실:1;거실:1;기타:2;발코니:1;화장실:2;드레스룸:1;침실:3
APT_FP_4d8e7597_17434935_u0,APT_FP_4d8e7597_17434935,"missing_essential:거실,침실,주방,화장실",2,현관:1;기타:1
,APT_FP_e0355f91_17446927,no_unit_with_entrance,15,
APT_FP_a8fe209f_17446927_u1,APT_FP_a8fe209f_17446927,missing_essential:주방,12,침실:3;현관:1;드레스룸:1;화장실:2;기타:2;거실:1;실외기실:1;발코니:1
,APT_FP_59fb2823_17441963,no_unit_with_entrance,19,
APT_FP_c46134f3_17446941_u0,APT_FP_c46134f3_17446941,"missing_essential:거실,침실",4,현관:1;화장실:1;주방:1;기타:1
APT_FP_329b3662_17434935_u1,APT_FP_329b3662_17434935,missing_essential:주방,14,화장실:2;거실:1;침실:3;기타:1;드레스룸:2;현관:1;발코니:3;실외기실:1
,APT_FP_badd4edf_17446927,no_unit_with_entrance,16,
APT_FP_e5ba6c1a_17434935_u0,APT_FP_e5ba6c1a_17434935,missing_essential:주방,14,현관:1;침실:3;화장실:2;실외기실:1;기타:1;거실:1;발코니:3;드레스룸:2
APT_FP_793dd9ec_17434935_u0,APT_FP_793dd9ec_17434935,"missing_essential:거실,침실,주방,화장실",2,현관:1;발코니:1
APT_FP_bef8304d_17434935_u0,APT_FP_bef8304d_17434935,"missing_essential:거실,침실,주방,화장실",2,기타:1;현관:1
APT_FP_5af7cf9a_17446927_u0,APT_FP_5af7cf9a_17446927,"missing_essential:거실,침실,주방",3,현관:1;기타:1;화장실:1
,APT_FP_40166441_17446927,no_unit_with_entrance,17,
APT_FP_9acf0e12_17438514_u0,APT_FP_9acf0e12_17438514,missing_essential:주방,12,침실:3;현관:1;발코니:2;화장실:3;드레스룸:1;기타:1;거실:1
APT_FP_1f42c991_17446927_u0,APT_FP_1f42c991_17446927,"missing_essential:거실,침실,주방,화장실",2,현관:1;기타:1
APT_FP_8a36135c_17446927_u0,APT_FP_8a36135c_17446927,"missing_essential:거실,침실,주방,화장실",2,현관:1;기타:1
APT_FP_7a0d5d84_17441963_u0,APT_FP_7a0d5d84_17441963,missing_essential:주방,9,화장실:2;현관:1;거실:1;발코니:1;기타:1;침실:3
APT_FP_64fd476b_17446927_u0,APT_FP_64fd476b_17446927,"missing_essential:거실,침실,주방,화장실",2,현관:1;기타:1
,APT_FP_9179aee0_17434935,no_unit_with_entrance,25,
,APT_FP_7e4e288a_17434935,no_unit_with_entrance,20,
,APT_FP_0f03cadf_17436388,no_unit_with_entrance,17,
APT_FP_ecca636c_17434935_u0,APT_FP_ecca636c_17434935,missing_essential:주방,14,드레스룸:2;기타:1;거실:1;발코니:3;화장실:2;침실:3;실외기실:1;현관:1
APT_FP_e752940a_17446927_u0,APT_FP_e752940a_17446927,missing_essential:주방,7,기타:1;침실:2;거실:1;화장실:2;현관:1
APT_FP_d4dc2278_17446927_u0,APT_FP_d4dc2278_17446927,missing_essential:침실,7,기타:1;다목적공간:1;화장실:1;실외기실:1;현관:1;거실:1;주방:1
,APT_FP_0a8937f6_17441963,no_unit_with_entrance,14,
APT_FP_03e8b083_17446927_u0,APT_FP_03e8b083_17446927,missing_essential:침실,6,다목적공간:1;화장실:1;주방:1;거실:1;현관:1;기타:1
APT_FP_e4900f9c_17434935_u1,APT_FP_e4900f9c_17434935,missing_essential:주방,14,현관:1;드레스룸:2;화장실:2;거실:1;침실:3;실외기실:1;발코니:3;기타:1
,APT_FP_468d10b6_17434935,no_unit_with_entrance,20,
APT_FP_70e6c994_17434935_u1,APT_FP_70e6c994_17434935,missing_essential:주방,14,거실:1;기타:1;드레스룸:2;침실:3;화장실:2;발코니:3;현관:1;실외기실:1
APT_FP_70e6c994_17434935_u3,APT_FP_70e6c994_17434935,missing_essential:주방,14,거실:1;기타:1;드레스룸:2;침실:3;화장실:2;발코니:3;현관:1;실외기실:1
,APT_FP_ba3e0686_17434935,no_unit_with_entrance,21,
,APT_FP_d766a2e9_17434935,no_unit_with_entrance,18,
APT_FP_261561f8_17446927_u0,APT_FP_261561f8_17446927,missing_essential:주방,10,침실:3;현관:1;발코니:1;화장실:2;드레스룸:1;실외기실:1;거실:1
APT_FP_261561f8_17446927_u3,APT_FP_261561f8_17446927,missing_essential:주방,12,기타:2;침실:3;현관:1;실외기실:1;거실:1;발코니:1;화장실:2;드레스룸:1
APT_FP_6ed363c5_17446927_u0,APT_FP_6ed363c5_17446927,missing_essential:주방,12,거실:1;기타:2;침실:3;드레스룸:1;현관:1;발코니:1;화장실:2;실외기실:1
APT_FP_29a7daa1_17446927_u1,APT_FP_29a7daa1_17446927,missing_essential:주방,10,드레스룸:1;실외기실:1;거실:1;화장실:2;침실:3;현관:1;발코니:1
APT_FP_29a7daa1_17446927_u3,APT_FP_29a7daa1_17446927,missing_essential:주방,12,드레스룸:1;침실:3;기타:2;현관:1;실외기실:1;거실:1;발코니:1;화장실:2
APT_FP_f0a17ca5_17446927_u3,APT_FP_f0a17ca5_17446927,missing_essential:주방,10,실외기실:1;거실:1;화장실:2;침실:3;현관:1;발코니:1;드레스룸:1
,APT_FP_aab09e28_17441963,no_unit_with_entrance,20,
,APT_FP_dc068135_17434935,no_unit_with_entrance,17,
APT_FP_b6994259_17446927_u0,APT_FP_b6994259_17446927,missing_essential:주방,10,드레스룸:1;실외기실:1;거실:1;화장실:2;침실:3;현관:1;발코니:1
APT_FP_b6994259_17446927_u2,APT_FP_b6994259_17446927,missing_essential:주방,12,실외기실:1;거실:1;현관:1;기타:2;발코니:1;화장실:2;드레스룸:1;침실:3
APT_FP_34336382_17456206_u0,APT_FP_34336382_17456206,missing_essential:주방,6,기타:1;침실:2;현관:1;화장실:1;거실:1
APT_FP_0de692a6_263013_u1,APT_FP_0de692a6_263013,"missing_essential:거실,화장실",3,주방:1;침실:1;현관:1
,APT_FP_ddb8a1e8_17446927,no_unit_with_entrance,14,
APT_FP_b64c3806_223495_u0,APT_FP_b64c3806_223495,"missing_essential:거실,침실,주방",2,화장실:1;현관:1
APT_FP_b64c3806_223495_u1,APT_FP_b64c3806_223495,"missing_essential:거실,침실,주방",2,현관:1;화장실:1
APT_FP_24a38da7_17446927_u1,APT_FP_24a38da7_17446927,missing_essential:주방,12,드레스룸:1;침실:3;기타:2;현관:1;실외기실:1;거실:1;발코니:1;화장실:2
APT_FP_24a38da7_17446927_u2,APT_FP_24a38da7_17446927,missing_essential:주방,12,발코니:1;화장실:2;드레스룸:1;침실:3;기타:2;현관:1;실외기실:1;거실:1
,APT_FP_779f4a57_337980,no_unit_with_entrance,20,
,APT_FP_6f47f844_316696,no_unit_with_entrance,16,
APT_FP_3ee1b043_17446927_u0,APT_FP_3ee1b043_17446927,missing_essential:주방,10,드레스룸:1;실외기실:1;거실:1;침실:3;화장실:2;현관:1;발코니:1
,APT_FP_bec528c1_314098,no_unit_with_entrance,17,
APT_FP_296fd168_17446927_u1,APT_FP_296fd168_17446927,missing_essential:주방,10,침실:3;현관:1;발코니:1;화장실:2;드레스룸:1;실외기실:1;거실:1
,APT_FP_765ccb75_368876,no_unit_with_entrance,18,
APT_FP_a488de72_366288_u0,APT_FP_a488de72_366288,"missing_essential:거실,침실,주방,화장실",2,기타:1;현관:1
APT_FP_dc509a2b_359194_u0,APT_FP_dc509a2b_359194,"missing_essential:거실,침실,주방,화장실",4,기타:3;현관:1
,APT_FP_64ce2e70_17446927,no_unit_with_entrance,16,
APT_FP_497e65c9_17434935_u0,APT_FP_497e65c9_17434935,missing_essential:거실,14,현관:1;침실:4;주방:1;발코니:2;다목적공간:1;드레스룸:1;기타:1;화장실:2;실외기실:1
APT_FP_9ff9c140_17446927_u2,APT_FP_9ff9c140_17446927,missing_essential:주방,12,실외기실:1;거실:1;기타:2;발코니:1;화장실:2;드레스룸:1;침실:3;현관:1
APT_FP_e8e1abc0_17446927_u3,APT_FP_e8e1abc0_17446927,missing_essential:주방,12,기타:2;실외기실:1;거실:1;발코니:1;화장실:2;드레스룸:1;침실:3;현관:1
APT_FP_8021ad11_17446927_u0,APT_FP_8021ad11_17446927,missing_essential:주방,11,화장실:2;침실:3;드레스룸:1;거실:1;현관:1;발코니:1;기타:1;실외기실:1
APT_FP_55337675_17446927_u2,APT_FP_55337675_17446927,missing_essential:주방,12,드레스룸:1;침실:3;기타:2;현관:1;실외기실:1;거실:1;발코니:1;화장실:2
,APT_FP_c8b03178_17434935,no_unit_with_entrance,17,
APT_FP_2248307b_17438514_u0,APT_FP_2248307b_17438514,missing_essential:주방,11,현관:1;화장실:2;드레스룸:1;침실:3;발코니:2;거실:1;기타:1
APT_FP_cb660147_17446927_u3,APT_FP_cb660147_17446927,missing_essential:주방,10,침실:3;발코니:1;현관:1;드레스룸:1;실외기실:1;거실:1;화장실:2
APT_FP_78f0ad3c_17446927_u2,APT_FP_78f0ad3c_17446927,missing_essential:주방,12,화장실:2;발코니:1;기타:2;거실:1;침실:3;현관:1;실외기실:1;드레스룸:1
APT_FP_8614ea22_17446927_u0,APT_FP_8614ea22_17446927,missing_essential:주방,10,거실:1;화장실:2;침실:3;현관:1;드레스룸:1;발코니:1;실외기실:1
APT_FP_5652b7d0_17446927_u3,APT_FP_5652b7d0_17446927,missing_essential:주방,12,실외기실:1;침실:3;발코니:1;거실:1;드레스룸:1;현관:1;화장실:2;기타:2
APT_FP_52180206_17446927_u3,APT_FP_52180206_17446927,missing_essential:주방,12,발코니:1;화장실:2;드레스룸:1;침실:3;기타:2;현관:1;실외기실:1;거실:1
,APT_FP_53e446f1_17434935,no_unit_with_entrance,17,
APT_FP_08c45394_17446927_u3,APT_FP_08c45394_17446927,missing_essential:주방,10,발코니:1;화장실:2;침실:3;드레스룸:1;실외기실:1;거실:1;현관:1
APT_FP_b7bcf395_17446927_u1,APT_FP_b7bcf395_17446927,missing_essential:주방,12,기타:2;침실:3;현관:1;실외기실:1;거실:1;발코니:1;화장실:2;드레스룸:1
APT_FP_b7bcf395_17446927_u2,APT_FP_b7bcf395_17446927,missing_essential:주방,12,침실:3;현관:1;거실:1;실외기실:1;드레스룸:1;기타:2;발코니:1;화장실:2
,APT_FP_485b505a_17434935,no_unit_with_entrance,21,
APT_FP_b04c4dce_17446927_u0,APT_FP_b04c4dce_17446927,"missing_essential:거실,침실,주방,화장실",2,기타:1;현관:1
,APT_FP_3d7ec172_17438514,no_unit_with_entrance,21,
,APT_FP_a2b94da0_17434935,no_unit_with_entrance,21,
APT_FP_07c81412_17456206_u0,APT_FP_07c81412_17456206,"missing_essential:주방,화장실",5,기타:1;침실:2;거실:1;현관:1
APT_FP_26c9deb5_17446927_u1,APT_FP_26c9deb5_17446927,missing_essential:주방,12,화장실:2;드레스룸:1;실외기실:1;발코니:1;거실:1;침실:3;기타:2;현관:1
APT_FP_4c471354_17446927_u3,APT_FP_4c471354_17446927,missing_essential:주방,12,드레스룸:1;침실:3;기타:2;현관:1;실외기실:1;거실:1;발코니:1;화장실:2
APT_FP_e4cf5d04_17434935_u3,APT_FP_e4cf5d04_17434935,missing_essential:주방,14,실외기실:1;드레스룸:2;침실:3;발코니:3;현관:1;기타:1;화장실:2;거실:1
APT_FP_5fc1d6ab_17456206_u0,APT_FP_5fc1d6ab_17456206,missing_essential:주방,5,거실:1;현관:1;화장실:1;침실:2
APT_FP_d1f6255c_17436388_u0,APT_FP_d1f6255c_17436388,"missing_essential:거실,침실,주방,화장실",2,기타:1;현관:1
APT_FP_00c4d4e0_17446941_u1,APT_FP_00c4d4e0_17446941,missing_essential:주방,13,침실:3;화장실:2;현관:1;실외기실:1;드레스룸:1;기타:3;거실:1;발코니:1
APT_FP_2c0cbe7d_17446927_u0,APT_FP_2c0cbe7d_17446927,missing_essential:주방,10,거실:1;화장실:2;침실:3;현관:1;드레스룸:1;발코니:1;실외기실:1
APT_FP_2c0cbe7d_17446927_u1,APT_FP_2c0cbe7d_17446927,missing_essential:주방,12,실외기실:1;거실:1;기타:2;발코니:1;화장실:2;드레스룸:1;침실:3;현관:1
APT_FP_012f881c_17446927_u0,APT_FP_012f881c_17446927,missing_essential:주방,10,드레스룸:1;실외기실:1;거실:1;침실:3;화장실:2;현관:1;발코니:1
,APT_FP_a289a5d5_17446927,no_unit_with_entrance,14,
APT_FP_d61c8bcc_17446927_u0,APT_FP_d61c8bcc_17446927,missing_essential:주방,10,침실:3;드레스룸:1;실외기실:1;거실:1;화장실:2;현관:1;발코니:1
APT_FP_d61c8bcc_17446927_u1,APT_FP_d61c8bcc_17446927,missing_essential:주방,12,실외기실:1;거실:1;기타:2;발코니:1;화장실:2;드레스룸:1;침실:3;현관:1
APT_FP_e9ee4e5e_17446927_u3,APT_FP_e9ee4e5e_17446927,missing_essential:주방,12,실외기실:1;거실:1;기타:2;발코니:1;화장실:2;드레스룸:1;침실:3;현관:1
APT_FP_4a36efae_17446927_u2,APT_FP_4a36efae_17446927,missing_essential:주방,10,침실:3;드레스룸:1;화장실:2;거실:1;실외기실:1;현관:1;발코니:1
APT_FP_a1059da8_17434935_u0,APT_FP_a1059da8_17434935,missing_essential:주방,14,화장실:2;거실:1;현관:1;침실:3;발코니:4;기타:2;실외기실:1
APT_FP_fa45ca42_17434935_u0,APT_FP_fa45ca42_17434935,missing_essential:주방,12,거실:1;침실:3;드레스룸:2;기타:2;화장실:2;발코니:1;현관:1
APT_FP_1ae6ae01_17446927_u1,APT_FP_1ae6ae01_17446927,missing_essential:주방,10,드레스룸:1;실외기실:1;거실:1;발코니:1;침실:3;화장실:2;현관:1
APT_FP_34e9032c_17435728_u0,APT_FP_34e9032c_17435728,"missing_essential:거실,침실,주방,화장실",2,현관:1;기타:1
APT_FP_e1c96dcc_17446927_u3,APT_FP_e1c96dcc_17446927,missing_essential:주방,12,실외기실:1;거실:1;기타:2;발코니:1;화장실:2;드레스룸:1;침실:3;현관:1
APT_FP_007103bf_17434935_u3,APT_FP_007103bf_17434935,missing_essential:주방,14,거실:1;발코니:3;기타:1;실외기실:1;침실:3;화장실:2;현관:1;드레스룸:2
APT_FP_546964df_17438443_u0,APT_FP_546964df_17438443,missing_essential:주방,11,침실:3;드레스룸:2;현관:1;기타:1;화장실:2;거실:1;실외기실:1
APT_FP_3bbe6074_17438443_u1,APT_FP_3bbe6074_17438443,missing_essential:화장실,8,주방:1;발코니:2;기타:1;침실:2;현관:1;거실:1
APT_FP_806e9f5e_17434935_u0,APT_FP_806e9f5e_17434935,missing_essential:거실,15,다목적공간:1;발코니:3;화장실:2;침실:4;실외기실:1;드레스룸:1;기타:1;현관:1;주방:1
APT_FP_d174c5cf_17446927_u0,APT_FP_d174c5cf_17446927,missing_essential:주방,10,화장실:2;침실:3;드레스룸:1;실외기실:1;거실:1;현관:1;발코니:1
APT_FP_d174c5cf_17446927_u1,APT_FP_d174c5cf_17446927,missing_essential:주방,10,드레스룸:1;실외기실:1;거실:1;화장실:2;침실:3;현관:1;발코니:1
APT_FP_d58adb6a_17434935_u2,APT_FP_d58adb6a_17434935,missing_essential:주방,14,실외기실:1;드레스룸:2;침실:3;거실:1;발코니:3;기타:1;현관:1;화장실:2
APT_FP_b7499fbb_17446927_u1,APT_FP_b7499fbb_17446927,"missing_essential:거실,침실,주방,화장실",2,기타:1;현관:1
APT_FP_a649ce6a_17446927_u2,APT_FP_a649ce6a_17446927,missing_essential:주방,10,드레스룸:1;실외기실:1;거실:1;화장실:2;침실:3;현관:1;발코니:1
,APT_FP_b65794cb_17446927,no_unit_with_entrance,18,
APT_FP_8e28ab9e_17434935_u3,APT_FP_8e28ab9e_17434935,missing_essential:주방,14,거실:1;기타:1;드레스룸:2;침실:3;화장실:2;발코니:3;현관:1;실외기실:1
APT_FP_6e6adb98_17446927_u1,APT_FP_6e6adb98_17446927,missing_essential:주방,12,현관:1;화장실:2;실외기실:1;침실:3;드레스룸:1;기타:2;거실:1;발코니:1
APT_FP_ab8720dd_17446927_u3,APT_FP_ab8720dd_17446927,missing_essential:주방,10,침실:3;화장실:2;발코니:1;현관:1;드레스룸:1;실외기실:1;거실:1
,APT_FP_d45a49a5_17446927,no_unit_with_entrance,17,
APT_FP_74e999cd_17436388_u0,APT_FP_74e999cd_17436388,missing_essential:주방,12,현관:1;기타:2;드레스룸:1;침실:3;화장실:2;실외기실:1;거실:1;발코니:1
APT_FP_603a6c5f_17446927_u1,APT_FP_603a6c5f_17446927,missing_essential:주방,10,침실:3;발코니:1;거실:1;화장실:2;현관:1;실외기실:1;드레스룸:1
APT_FP_5caf15d5_17446927_u0,APT_FP_5caf15d5_17446927,missing_essential:주방,10,화장실:2;침실:3;현관:1;발코니:1;드레스룸:1;거실:1;실외기실:1
APT_FP_5caf15d5_17446927_u1,APT_FP_5caf15d5_17446927,missing_essential:주방,12,실외기실:1;거실:1;기타:2;발코니:1;화장실:2;드레스룸:1;침실:3;현관:1
APT_FP_43e0c5ef_17446927_u1,APT_FP_43e0c5ef_17446927,"missing_essential:거실,침실,주방,화장실",2,현관:1;기타:1
APT_FP_cb9767ad_17436388_u0,APT_FP_cb9767ad_17436388,"missing_essential:거실,침실,주방,화장실",2,현관:1;기타:1
APT_FP_a5fd58ba_17446927_u2,APT_FP_a5fd58ba_17446927,missing_essential:주방,12,침실:3;기타:2;현관:1;실외기실:1;드레스룸:1;거실:1;발코니:1;화장실:2
,APT_FP_6ade3253_17438514,no_unit_with_entrance,20,
,APT_FP_aa553353_17436388,no_unit_with_entrance,23,
APT_FP_3cd282b2_17446927_u0,APT_FP_3cd282b2_17446927,missing_essential:주방,10,발코니:1;거실:1;침실:3;화장실:2;현관:1;드레스룸:1;실외기실:1
APT_FP_3dd94529_17441963_u0,APT_FP_3dd94529_17441963,missing_essential:주방,6,침실:2;거실:1;화장실:1;현관:1;발코니:1
APT_FP_a5129c9f_17446927_u0,APT_FP_a5129c9f_17446927,missing_essential:주방,12,발코니:1;현관:1;화장실:2;드레스룸:1;침실:3;기타:2;실외기실:1;거실:1
APT_FP_a5129c9f_17446927_u2,APT_FP_a5129c9f_17446927,missing_essential:주방,12,기타:2;침실:3;현관:1;실외기실:1;거실:1;발코니:1;화장실:2;드레스룸:1
APT_FP_a5129c9f_17446927_u3,APT_FP_a5129c9f_17446927,missing_essential:주방,10,드레스룸:1;실외기실:1;거실:1;화장실:2;침실:3;현관:1;발코니:1
,APT_FP_b2397943_17441963,no_unit_with_entrance,17,
APT_FP_c62a4b85_17446927_u1,APT_FP_c62a4b85_17446927,"missing_essential:거실,침실,주방,화장실",2,기타:1;현관:1
,APT_FP_54af4875_17446927,no_unit_with_entrance,18,
APT_FP_a1098e3a_17446927_u2,APT_FP_a1098e3a_17446927,missing_essential:주방,12,침실:3;화장실:2;기타:2;현관:1;드레스룸:1;실외기실:1;거실:1;발코니:1
,APT_FP_64e19dda_17441963,no_unit_with_entrance,19,
APT_FP_fb0db148_17446927_u3,APT_FP_fb0db148_17446927,missing_essential:주방,12,기타:2;침실:3;현관:1;실외기실:1;거실:1;발코니:1;화장실:2;드레스룸:1
,APT_FP_04999105_17446927,no_unit_with_entrance,20,
APT_FP_437c8db6_17446927_u1,APT_FP_437c8db6_17446927,missing_essential:주방,12,실외기실:1;거실:1;기타:2;침실:3;현관:1;발코니:1;화장실:2;드레스룸:1
,APT_FP_4cfd6e74_17441963,no_unit_with_entrance,19,
APT_FP_88790d2c_17441963_u0,APT_FP_88790d2c_17441963,missing_essential:주방,10,거실:1;화장실:2;침실:3;기타:1;발코니:2;현관:1
APT_FP_589c6da4_17434935_u3,APT_FP_589c6da4_17434935,missing_essential:주방,14,실외기실:1;발코니:3;드레스룸:2;기타:1;거실:1;침실:3;화장실:2;현관:1
APT_FP_bd3cf277_17446927_u1,APT_FP_bd3cf277_17446927,missing_essential:주방,10,침실:3;현관:1;화장실:2;드레스룸:1;실외기실:1;거실:1;발코니:1
APT_FP_35eed33a_17446927_u0,APT_FP_35eed33a_17446927,missing_essential:주방,10,현관:1;침실:3;화장실:2;실외기실:1;드레스룸:1;거실:1;발코니:1
APT_FP_4c544f70_17434935_u1,APT_FP_4c544f70_17434935,missing_essential:주방,14,현관:1;발코니:3;침실:3;화장실:2;실외기실:1;드레스룸:2;기타:1;거실:1
APT_FP_1630c772_17434935_u2,APT_FP_1630c772_17434935,missing_essential:주방,14,드레스룸:2;침실:3;거실:1;발코니:3;기타:1;화장실:2;현관:1;실외기실:1
APT_FP_b868a56b_17434935_u2,APT_FP_b868a56b_17434935,missing_essential:주방,14,드레스룸:2;기타:1;화장실:2;현관:1;발코니:3;거실:1;실외기실:1;침실:3
APT_FP_eea5359d_17446927_u1,APT_FP_eea5359d_17446927,missing_essential:주방,10,화장실:2;침실:3;현관:1;발코니:1;드레스룸:1;실외기실:1;거실:1
APT_FP_3eec2426_17434935_u0,APT_FP_3eec2426_17434935,"missing_essential:거실,침실,주방,화장실",2,기타:1;현관:1
APT_FP_98d764a6_17446927_u3,APT_FP_98d764a6_17446927,missing_essential:주방,12,화장실:2;드레스룸:1;침실:3;기타:2;현관:1;실외기실:1;거실:1;발코니:1
APT_FP_8c42bbb6_17434935_u0,APT_FP_8c42bbb6_17434935,missing_essential:주방,17,현관:1;발코니:6;침실:3;거실:1;화장실:2;기타:1;드레스룸:2;실외기실:1
APT_FP_f7c2eee6_17446927_u0,APT_FP_f7c2eee6_17446927,missing_essential:주방,10,드레스룸:1;실외기실:1;거실:1;화장실:2;침실:3;현관:1;발코니:1
APT_FP_f7c2eee6_17446927_u1,APT_FP_f7c2eee6_17446927,missing_essential:주방,12,기타:2;침실:3;현관:1;실외기실:1;거실:1;발코니:1;화장실:2;드레스룸:1
,APT_FP_42fdc74b_17446927,no_unit_with_entrance,18,
APT_FP_f7c6a966_17446927_u1,APT_FP_f7c6a966_17446927,missing_essential:주방,12,실외기실:1;거실:1;기타:2;발코니:1;화장실:2;드레스룸:1;침실:3;현관:1
APT_FP_d3a3dfe4_17446927_u1,APT_FP_d3a3dfe4_17446927,missing_essential:주방,10,드레스룸:1;실외기실:1;거실:1;화장실:2;침실:3;현관:1;발코니:1
APT_FP_57f8d2ac_17438514_u0,APT_FP_57f8d2ac_17438514,missing_essential:주방,13,드레스룸:2;화장실:2;침실:3;발코니:1;기타:3;거실:1;현관:1
APT_FP_3059bfcf_17446927_u2,APT_FP_3059bfcf_17446927,missing_essential:주방,10,드레스룸:1;실외기실:1;거실:1;화장실:2;침실:3;현관:1;발코니:1
APT_FP_3059bfcf_17446927_u3,APT_FP_3059bfcf_17446927,missing_essential:주방,12,드레스룸:1;침실:3;기타:2;현관:1;실외기실:1;거실:1;발코니:1;화장실:2
,APT_FP_9e255b70_17441963,no_unit_with_entrance,56,
APT_FP_f81f810a_17446927_u2,APT_FP_f81f810a_17446927,missing_essential:주방,12,발코니:1;거실:1;기타:2;화장실:2;침실:3;현관:1;실외기실:1;드레스룸:1
APT_FP_67dc5bb7_17446927_u2,APT_FP_67dc5bb7_17446927,missing_essential:주방,12,기타:2;침실:3;현관:1;실외기실:1;거실:1;발코니:1;화장실:2;드레스룸:1
APT_FP_67dc5bb7_17446927_u3,APT_FP_67dc5bb7_17446927,missing_essential:주방,10,드레스룸:1;실외기실:1;거실:1;화장실:2;침실:3;현관:1;발코니:1
APT_FP_2191e87f_17438514_u0,APT_FP_2191e87f_17438514,missing_essential:주방,11,화장실:3;드레스룸:2;침실:3;거실:1;실외기실:1;현관:1
APT_FP_3a89faec_17441963_u0,APT_FP_3a89faec_17441963,missing_essential:주방,7,거실:1;침실:3;발코니:1;화장실:1;현관:1
APT_FP_0055ba97_17446927_u1,APT_FP_0055ba97_17446927,missing_essential:주방,18,거실:1;발코니:5;화장실:3;현관:1;기타:1;드레스룸:2;침실:4;실외기실:1
APT_FP_878eabfd_17446927_u1,APT_FP_878eabfd_17446927,"missing_essential:거실,침실,주방,화장실",2,기타:1;현관:1
APT_FP_63ce573c_17446927_u0,APT_FP_63ce573c_17446927,missing_essential:주방,10,드레스룸:1;현관:1;실외기실:1;발코니:1;거실:1;침실:3;화장실:2
APT_FP_569ee359_17446927_u0,APT_FP_569ee359_17446927,missing_essential:주방,10,발코니:1;화장실:2;침실:3;실외기실:1;드레스룸:1;거실:1;현관:1
,APT_FP_999835c9_17441963,no_unit_with_entrance,17,
APT_FP_56c58f72_17446927_u2,APT_FP_56c58f72_17446927,missing_essential:주방,10,드레스룸:1;침실:3;거실:1;실외기실:1;화장실:2;현관:1;발코니:1
,APT_FP_4ba00dd3_17441963,no_unit_with_entrance,21,
APT_FP_1026b610_17435728_u0,APT_FP_1026b610_17435728,"missing_essential:거실,침실,주방,화장실",2,현관:1;기타:1
APT_FP_f18ba1c2_17446927_u0,APT_FP_f18ba1c2_17446927,"missing_essential:거실,침실,주방,화장실",2,현관:1;기타:1
APT_FP_9db4d189_17446927_u3,APT_FP_9db4d189_17446927,missing_essential:주방,12,기타:2;발코니:1;화장실:2;드레스룸:1;침실:3;현관:1;실외기실:1;거실:1
,APT_FP_e2741789_17446927,no_unit_with_entrance,19,
APT_FP_a8d7f216_17446927_u0,APT_FP_a8d7f216_17446927,missing_essential:주방,10,화장실:2;현관:1;침실:3;발코니:1;거실:1;드레스룸:1;실외기실:1
APT_FP_53c14c7d_17446927_u0,APT_FP_53c14c7d_17446927,"missing_essential:거실,침실,주방,화장실",3,기타:2;현관:1
,APT_FP_f29c5b17_17446927,no_unit_with_entrance,18,
APT_FP_326b3f70_17446927_u2,APT_FP_326b3f70_17446927,missing_essential:주방,12,기타:2;침실:3;현관:1;실외기실:1;거실:1;발코니:1;화장실:2;드레스룸:1
APT_FP_291a50f2_17446927_u0,APT_FP_291a50f2_17446927,"missing_essential:거실,주방",5,실외기실:1;화장실:1;현관:1;기타:1;침실:1
APT_FP_a86a711d_17446927_u2,APT_FP_a86a711d_17446927,missing_essential:주방,12,드레스룸:1;발코니:1;기타:2;침실:3;화장실:2;현관:1;거실:1;실외기실:1
,APT_FP_b3f39ab1_17441963,no_unit_with_entrance,22,
APT_FP_b589e1d7_17436388_u0,APT_FP_b589e1d7_17436388,missing_essential:주방,12,침실:3;기타:2;현관:1;화장실:2;드레스룸:1;실외기실:1;거실:1;발코니:1
APT_FP_7e33ba67_17434935_u0,APT_FP_7e33ba67_17434935,"missing_essential:거실,침실,주방,화장실",2,기타:1;현관:1
APT_FP_fcb4cbbe_17446927_u0,APT_FP_fcb4cbbe_17446927,"missing_essential:거실,침실,주방,화장실",2,기타:1;현관:1
,APT_FP_e3fccd89_17434935,no_unit_with_entrance,18,
APT_FP_53e3fa42_17434935_u0,APT_FP_53e3fa42_17434935,"missing_essential:거실,침실,주방,화장실",2,기타:1;현관:1
APT_FP_0ad541d1_17438443_u0,APT_FP_0ad541d1_17438443,missing_essential:주방,11,현관:1;드레스룸:2;거실:1;화장실:2;침실:3;실외기실:1;기타:1
,APT_FP_515204e2_17446927,no_unit_with_entrance,20,
APT_FP_ab2ca283_17435728_u0,APT_FP_ab2ca283_17435728,"missing_essential:거실,침실,주방,화장실",3,기타:2;현관:1
,APT_FP_1a074dcb_17434935,no_unit_with_entrance,17,
,APT_FP_4ba32d36_17434935,no_unit_with_entrance,19,
APT_FP_cb446336_17434935_u0,APT_FP_cb446336_17434935,missing_essential:주방,14,발코니:3;드레스룸:2;침실:3;화장실:2;현관:1;실외기실:1;거실:1;기타:1
,APT_FP_0ea7a604_17434935,no_unit_with_entrance,20,
APT_FP_bc025121_17434935_u2,APT_FP_bc025121_17434935,missing_essential:주방,14,현관:1;침실:3;화장실:2;실외기실:1;발코니:3;거실:1;기타:1;드레스룸:2
APT_FP_ca95eddd_17438443_u1,APT_FP_ca95eddd_17438443,missing_essential:화장실,8,침실:2;거실:1;발코니:2;기타:1;주방:1;현관:1
APT_FP_ce6add42_17434935_u0,APT_FP_ce6add42_17434935,missing_essential:주방,11,발코니:2;침실:3;기타:2;화장실:2;현관:1;거실:1
APT_FP_9970de7f_17446941_u1,APT_FP_9970de7f_17446941,"missing_essential:거실,침실,주방,화장실",2,기타:1;현관:1
APT_FP_e5012ac1_17446927_u0,APT_FP_e5012ac1_17446927,missing_essential:주방,10,실외기실:1;거실:1;화장실:2;침실:3;현관:1;발코니:1;드레스룸:1
APT_FP_e5012ac1_17446927_u3,APT_FP_e5012ac1_17446927,missing_essential:주방,12,드레스룸:1;침실:3;기타:2;현관:1;실외기실:1;거실:1;발코니:1;화장실:2
APT_FP_6679d107_17446927_u1,APT_FP_6679d107_17446927,missing_essential:주방,14,현관:1;기타:4;화장실:2;발코니:2;침실:2;드레스룸:1;실외기실:1;거실:1
,APT_FP_a086f1c7_17434935,no_unit_with_entrance,19,
APT_FP_6d0af163_17441963_u0,APT_FP_6d0af163_17441963,missing_essential:주방,12,기타:1;화장실:2;발코니:4;침실:3;거실:1;현관:1
APT_FP_2c5964e2_17446927_u0,APT_FP_2c5964e2_17446927,"missing_essential:거실,침실,주방,화장실",2,기타:1;현관:1
APT_FP_97a01de9_17446927_u1,APT_FP_97a01de9_17446927,"missing_essential:거실,침실,주방,화장실",2,기타:1;현관:1
APT_FP_8fc55ead_17446927_u1,APT_FP_8fc55ead_17446927,"missing_essential:거실,침실,주방,화장실",3,기타:2;현관:1
APT_FP_386eeb23_17446927_u0,APT_FP_386eeb23_17446927,missing_essential:주방,12,기타:2;화장실:2;드레스룸:1;침실:3;현관:1;실외기실:1;거실:1;발코니:1
APT_FP_386eeb23_17446927_u2,APT_FP_386eeb23_17446927,missing_essential:주방,12,기타:2;침실:3;현관:1;실외기실:1;거실:1;발코니:1;화장실:2;드레스룸:1
APT_FP_45bdbb8a_17446927_u0,APT_FP_45bdbb8a_17446927,missing_essential:주방,12,기타:2;발코니:1;거실:1;침실:3;화장실:2;실외기실:1;드레스룸:1;현관:1
,APT_FP_b4bd53c0_17446927,no_unit_with_entrance,17,
,APT_FP_d8ad7830_17446927,no_unit_with_entrance,18,
APT_FP_c82bd8e6_17446927_u0,APT_FP_c82bd8e6_17446927,"missing_essential:거실,주방",4,침실:1;화장실:1;실외기실:1;현관:1
APT_FP_8f4eae61_17446927_u0,APT_FP_8f4eae61_17446927,missing_essential:주방,10,드레스룸:1;발코니:1;화장실:2;침실:3;실외기실:1;거실:1;현관:1
APT_FP_ba13e19e_17438514_u0,APT_FP_ba13e19e_17438514,missing_essential:주방,6,침실:2;거실:1;화장실:1;현관:1;기타:1
APT_FP_a07891f8_17441963_u0,APT_FP_a07891f8_17441963,missing_essential:주방,7,발코니:2;침실:2;화장실:1;거실:1;현관:1
APT_FP_f96fb434_17441963_u0,APT_FP_f96fb434_17441963,missing_essential:주방,12,침실:4;거실:1;발코니:3;화장실:2;기타:1;현관:1
APT_FP_1b1c747c_17441963_u0,APT_FP_1b1c747c_17441963,"missing_essential:거실,침실,주방,화장실",2,현관:1;기타:1
,APT_FP_864330c1_17434935,no_unit_with_entrance,22,
APT_FP_8d60d24f_17446927_u0,APT_FP_8d60d24f_17446927,"missing_essential:주방,화장실",7,침실:1;기타:2;현관:1;거실:1;발코니:1;실외기실:1
APT_FP_fad2d341_17446927_u0,APT_FP_fad2d341_17446927,missing_essential:주방,10,현관:1;발코니:1;화장실:2;침실:3;드레스룸:1;실외기실:1;거실:1
APT_FP_360c7610_17446927_u0,APT_FP_360c7610_17446927,missing_essential:주방,10,실외기실:1;거실:1;드레스룸:1;화장실:2;침실:3;현관:1;발코니:1
,APT_FP_cab43e0a_17438514,no_unit_with_entrance,14,
,APT_FP_75a61f41_17446927,no_unit_with_entrance,15,
APT_FP_9004052e_552186_u0,APT_FP_9004052e_552186,missing_essential:주방,9,기타:2;거실:1;발코니:2;화장실:1;현관:1;침실:2
APT_FP_b31071b0_17434935_u0,APT_FP_b31071b0_17434935,missing_essential:주방,9,거실:1;화장실:2;발코니:1;실외기실:1;침실:3;현관:1
,APT_FP_627dea8d_17446927,no_unit_with_entrance,20,
APT_FP_3ab361ba_17446927_u0,APT_FP_3ab361ba_17446927,missing_essential:주방,10,침실:3;드레스룸:1;발코니:1;실외기실:1;거실:1;현관:1;화장실:2
APT_FP_3ab361ba_17446927_u3,APT_FP_3ab361ba_17446927,missing_essential:주방,12,화장실:2;침실:3;실외기실:1;기타:2;발코니:1;거실:1;드레스룸:1;현관:1
APT_FP_2235f69e_17441963_u0,APT_FP_2235f69e_17441963,missing_essential:주방,13,화장실:2;발코니:4;거실:1;침실:3;기타:1;드레스룸:1;현관:1
APT_FP_dc008785_17446927_u0,APT_FP_dc008785_17446927,missing_essential:침실,9,발코니:4;주방:1;실외기실:1;화장실:1;거실:1;현관:1
APT_FP_f33d55fc_17438443_u0,APT_FP_f33d55fc_17438443,missing_essential:주방,11,거실:1;기타:1;드레스룸:2;화장실:2;실외기실:1;침실:3;현관:1
APT_FP_cf6c0966_17446927_u0,APT_FP_cf6c0966_17446927,missing_essential:주방,10,드레스룸:1;실외기실:1;거실:1;화장실:2;침실:3;현관:1;발코니:1
APT_FP_cf6c0966_17446927_u1,APT_FP_cf6c0966_17446927,missing_essential:주방,12,기타:2;침실:3;현관:1;실외기실:1;거실:1;발코니:1;화장실:2;드레스룸:1
APT_FP_cf6c0966_17446927_u3,APT_FP_cf6c0966_17446927,missing_essential:주방,12,기타:2;발코니:1;화장실:2;드레스룸:1;침실:3;현관:1;실외기실:1;거실:1
APT_FP_29de52ea_17446927_u0,APT_FP_29de52ea_17446927,missing_essential:주방,10,실외기실:1;거실:1;화장실:2;침실:3;현관:1;발코니:1;드레스룸:1
APT_FP_29de52ea_17446927_u1,APT_FP_29de52ea_17446927,missing_essential:주방,12,침실:3;현관:1;실외기실:1;거실:1;기타:2;발코니:1;화장실:2;드레스룸:1
APT_FP_29de52ea_17446927_u3,APT_FP_29de52ea_17446927,missing_essential:주방,12,침실:3;기타:2;현관:1;실외기실:1;거실:1;발코니:1;화장실:2;드레스룸:1
APT_FP_d3d22e05_17446927_u0,APT_FP_d3d22e05_17446927,"missing_essential:거실,침실,주방,화장실",3,현관:1;기타:2
APT_FP_b098fcae_17446927_u1,APT_FP_b098fcae_17446927,missing_essential:주방,10,침실:3;화장실:2;발코니:1;현관:1;드레스룸:1;실외기실:1;거실:1
APT_FP_b098fcae_17446927_u3,APT_FP_b098fcae_17446927,missing_essential:주방,12,실외기실:1;거실:1;기타:2;발코니:1;화장실:2;드레스룸:1;침실:3;현관:1
APT_FP_ac433839_17446927_u3,APT_FP_ac433839_17446927,missing_essential:주방,12,실외기실:1;거실:1;기타:2;발코니:1;화장실:2;드레스룸:1;침실:3;현관:1
APT_FP_b97b803c_17446927_u0,APT_FP_b97b803c_17446927,missing_essential:주방,10,드레스룸:1;실외기실:1;거실:1;화장실:2;침실:3;현관:1;발코니:1
APT_FP_b97b803c_17446927_u1,APT_FP_b97b803c_17446927,missing_essential:주방,12,침실:3;현관:1;기타:2;실외기실:1;거실:1;발코니:1;화장실:2;드레스룸:1
APT_FP_43479122_17446927_u3,APT_FP_43479122_17446927,missing_essential:주방,12,실외기실:1;거실:1;기타:2;발코니:1;화장실:2;드레스룸:1;침실:3;현관:1
APT_FP_431850ac_17446927_u0,APT_FP_431850ac_17446927,"missing_essential:거실,침실,주방,화장실",3,기타:2;현관:1
APT_FP_dcebc3f6_17434935_u1,APT_FP_dcebc3f6_17434935,missing_essential:주방,14,화장실:2;드레스룸:2;발코니:3;현관:1;거실:1;침실:3;실외기실:1;기타:1
,APT_FP_402dacc9_17441963,no_unit_with_entrance,19,
APT_FP_aaf97a05_17434935_u0,APT_FP_aaf97a05_17434935,missing_essential:주방,14,드레스룸:2;화장실:2;현관:1;기타:1;발코니:3;거실:1;침실:4
,APT_FP_1abb4a00_17434935,no_unit_with_entrance,21,
APT_FP_ce9dac84_17446927_u0,APT_FP_ce9dac84_17446927,"missing_essential:거실,침실",8,주방:1;다목적공간:2;현관:1;발코니:1;실외기실:1;화장실:1;기타:1
,APT_FP_e47bde27_17446927,no_unit_with_entrance,17,
APT_FP_1aa3d988_17446927_u0,APT_FP_1aa3d988_17446927,missing_essential:주방,10,침실:3;드레스룸:1;실외기실:1;거실:1;화장실:2;현관:1;발코니:1
APT_FP_1aa3d988_17446927_u3,APT_FP_1aa3d988_17446927,missing_essential:주방,12,기타:2;침실:3;현관:1;실외기실:1;거실:1;발코니:1;화장실:2;드레스룸:1
APT_FP_1a0b8d9e_17434935_u3,APT_FP_1a0b8d9e_17434935,missing_essential:주방,14,드레스룸:2;화장실:2;발코니:3;거실:1;침실:3;현관:1;기타:1;실외기실:1
APT_FP_831960fd_17446927_u0,APT_FP_831960fd_17446927,missing_essential:침실,11,화장실:1;기타:5;발코니:2;주방:1;현관:1;거실:1
APT_FP_b8bdfc82_17446927_u2,APT_FP_b8bdfc82_17446927,missing_essential:주방,12,드레스룸:1;침실:3;기타:2;현관:1;실외기실:1;거실:1;발코니:1;화장실:2
APT_FP_3e7f1741_17446927_u0,APT_FP_3e7f1741_17446927,missing_essential:주방,7,현관:1;기타:2;화장실:1;침실:2;거실:1
APT_FP_8f696334_17446927_u0,APT_FP_8f696334_17446927,"missing_essential:거실,침실,주방,화장실",2,기타:1;현관:1
APT_FP_4300566e_17446927_u0,APT_FP_4300566e_17446927,"missing_essential:거실,침실,주방,화장실",2,현관:1;기타:1
APT_FP_1b5ec778_17446927_u3,APT_FP_1b5ec778_17446927,missing_essential:주방,10,침실:3;드레스룸:1;실외기실:1;거실:1;화장실:2;현관:1;발코니:1
,APT_FP_b43cfd1f_17434935,no_unit_with_entrance,20,
APT_FP_3b6e3dcc_17446927_u0,APT_FP_3b6e3dcc_17446927,"missing_essential:거실,침실,주방",3,화장실:1;기타:1;현관:1
APT_FP_8b7e6beb_17446927_u0,APT_FP_8b7e6beb_17446927,missing_essential:주방,12,기타:2;발코니:1;드레스룸:1;침실:3;화장실:2;실외기실:1;현관:1;거실:1
APT_FP_8ca19f8a_17434935_u1,APT_FP_8ca19f8a_17434935,missing_essential:주방,14,발코니:3;거실:1;기타:1;드레스룸:2;침실:3;화장실:2;현관:1;실외기실:1
APT_FP_b6a1092d_17434935_u0,APT_FP_b6a1092d_17434935,missing_essential:거실,21,침실:4;발코니:3;기타:6;화장실:3;현관:1;실외기실:1;다목적공간:1;주방:1;드레스룸:1
APT_FP_ff9582a5_17446927_u0,APT_FP_ff9582a5_17446927,"missing_essential:거실,주방",6,화장실:1;실외기실:1;현관:1;발코니:1;기타:1;침실:1
APT_FP_5e3ea6d8_17446927_u0,APT_FP_5e3ea6d8_17446927,"missing_essential:거실,침실,주방,화장실",2,현관:1;기타:1
APT_FP_54c766e7_17446927_u0,APT_FP_54c766e7_17446927,"missing_essential:주방,화장실",5,실외기실:1;거실:1;침실:1;발코니:1;현관:1
APT_FP_ae9c7715_17434935_u1,APT_FP_ae9c7715_17434935,missing_essential:주방,14,거실:1;기타:1;드레스룸:2;침실:3;화장실:2;발코니:3;현관:1;실외기실:1
APT_FP_b6b3d513_17446927_u0,APT_FP_b6b3d513_17446927,missing_essential:주방,9,기타:3;발코니:1;침실:2;현관:1;거실:1;화장실:1
,APT_FP_53587f36_17446927,no_unit_with_entrance,16,
,APT_FP_39f2fd77_17446927,no_unit_with_entrance,40,
APT_FP_653eb7ab_17446927_u0,APT_FP_653eb7ab_17446927,"missing_essential:거실,침실,주방,화장실",2,현관:1;기타:1
APT_FP_07e3a653_17446927_u2,APT_FP_07e3a653_17446927,missing_essential:주방,12,기타:2;침실:3;현관:1;실외기실:1;거실:1;발코니:1;화장실:2;드레스룸:1
APT_FP_07e3a653_17446927_u3,APT_FP_07e3a653_17446927,missing_essential:주방,12,실외기실:1;거실:1;기타:2;발코니:1;화장실:2;드레스룸:1;침실:3;현관:1
APT_FP_e5eddf31_17446927_u0,APT_FP_e5eddf31_17446927,missing_essential:주방,10,드레스룸:1;실외기실:1;거실:1;화장실:2;침실:3;현관:1;발코니:1
APT_FP_588811cd_17446927_u3,APT_FP_588811cd_17446927,missing_essential:주방,12,현관:1;화장실:2;거실:1;드레스룸:1;실외기실:1;기타:2;침실:3;발코니:1
APT_FP_0b172d59_17446927_u0,APT_FP_0b172d59_17446927,missing_essential:주방,5,거실:1;기타:1;침실:1;화장실:1;현관:1
APT_FP_3c400dc4_17434935_u2,APT_FP_3c400dc4_17434935,missing_essential:주방,14,화장실:2;침실:3;발코니:3;드레스룸:2;실외기실:1;거실:1;기타:1;현관:1
APT_FP_7029208f_17446927_u1,APT_FP_7029208f_17446927,missing_essential:주방,14,침실:2;기타:4;발코니:2;화장실:2;현관:1;거실:1;실외기실:1;드레스룸:1
APT_FP_438b2c6f_17446927_u1,APT_FP_438b2c6f_17446927,missing_essential:주방,10,드레스룸:1;실외기실:1;거실:1;화장실:2;침실:3;현관:1;발코니:1
APT_FP_438b2c6f_17446927_u2,APT_FP_438b2c6f_17446927,missing_essential:주방,12,기타:2;침실:3;현관:1;실외기실:1;거실:1;발코니:1;화장실:2;드레스룸:1
APT_FP_48bbe73b_17446927_u1,APT_FP_48bbe73b_17446927,missing_essential:주방,10,실외기실:1;거실:1;드레스룸:1;화장실:2;침실:3;현관:1;발코니:1
APT_FP_1b100f5d_17446927_u0,APT_FP_1b100f5d_17446927,"missing_essential:거실,침실,주방,화장실",2,현관:1;기타:1
,APT_FP_ea5d1e54_17441963,no_unit_with_entrance,20,
,APT_FP_d8bc40b0_17436388,no_unit_with_entrance,10,
,APT_FP_a77b6c12_17446927,no_unit_with_entrance,24,
APT_FP_c7391d65_17446927_u0,APT_FP_c7391d65_17446927,"missing_essential:거실,침실,주방,화장실",2,현관:1;기타:1
APT_FP_caa749e6_17434935_u0,APT_FP_caa749e6_17434935,"missing_essential:거실,침실,주방,화장실",2,기타:1;현관:1
APT_FP_eaefdea5_17441963_u0,APT_FP_eaefdea5_17441963,missing_essential:주방,16,발코니:5;기타:2;침실:4;화장실:2;드레스룸:1;현관:1;거실:1
,APT_FP_d6b402a2_17446927,no_unit_with_entrance,21,
APT_FP_600ac767_17434935_u2,APT_FP_600ac767_17434935,missing_essential:주방,14,화장실:2;드레스룸:2;거실:1;기타:1;침실:3;현관:1;실외기실:1;발코니:3
APT_FP_1f07f2ad_17446927_u0,APT_FP_1f07f2ad_17446927,missing_essential:주방,12,드레스룸:1;침실:3;기타:2;현관:1;실외기실:1;거실:1;발코니:1;화장실:2
APT_FP_9a150cbd_17434935_u3,APT_FP_9a150cbd_17434935,missing_essential:주방,14,화장실:2;침실:3;발코니:3;드레스룸:2;현관:1;거실:1;기타:1;실외기실:1
APT_FP_85aefed8_17446927_u2,APT_FP_85aefed8_17446927,missing_essential:주방,10,실외기실:1;거실:1;드레스룸:1;화장실:2;침실:3;현관:1;발코니:1
APT_FP_d32380ed_17446927_u2,APT_FP_d32380ed_17446927,missing_essential:주방,12,기타:2;침실:3;현관:1;화장실:2;실외기실:1;거실:1;발코니:1;드레스룸:1
APT_FP_f7d0c94e_17434935_u1,APT_FP_f7d0c94e_17434935,missing_essential:주방,14,발코니:3;거실:1;기타:1;드레스룸:2;침실:3;화장실:2;현관:1;실외기실:1
APT_FP_823f1470_17434935_u1,APT_FP_823f1470_17434935,missing_essential:주방,14,실외기실:1;거실:1;기타:1;드레스룸:2;침실:3;화장실:2;발코니:3;현관:1
,APT_FP_770c13ea_17446927,no_unit_with_entrance,41,
,APT_FP_1ae7e599_17446927,no_unit_with_entrance,20,
APT_FP_7d3b0930_17446927_u0,APT_FP_7d3b0930_17446927,"missing_essential:거실,침실,주방,화장실",2,현관:1;기타:1
APT_FP_14a8a686_17441963_u0,APT_FP_14a8a686_17441963,"missing_essential:거실,침실,주방,화장실",3,기타:2;현관:1
APT_FP_562115e6_17446927_u3,APT_FP_562115e6_17446927,missing_essential:주방,12,실외기실:1;거실:1;기타:2;발코니:1;화장실:2;드레스룸:1;침실:3;현관:1
,APT_FP_a49fcc40_17441963,no_unit_with_entrance,13,
,APT_FP_4b86a3e6_17441963,no_unit_with_entrance,20,
APT_FP_e2a675bc_17446927_u3,APT_FP_e2a675bc_17446927,missing_essential:주방,12,거실:1;기타:2;발코니:1;화장실:2;드레스룸:1;침실:3;현관:1;실외기실:1
,APT_FP_5bb5564a_17441963,no_unit_with_entrance,22,
APT_FP_4fe6c4a5_17446927_u0,APT_FP_4fe6c4a5_17446927,missing_essential:거실,12,현관:1;침실:3;발코니:1;화장실:2;실외기실:1;주방:1;드레스룸:1;다목적공간:2
APT_FP_89dad09b_17446927_u0,APT_FP_89dad09b_17446927,missing_essential:주방,10,현관:1;드레스룸:1;화장실:2;침실:3;거실:1;실외기실:1;발코니:1
APT_FP_1d4f0ef2_17446927_u3,APT_FP_1d4f0ef2_17446927,missing_essential:주방,12,화장실:2;드레스룸:1;침실:3;기타:2;현관:1;실외기실:1;거실:1;발코니:1
APT_FP_76033d86_17434935_u0,APT_FP_76033d86_17434935,"missing_essential:거실,침실,주방",3,현관:1;화장실:1;기타:1
APT_FP_5e20c0a6_17441963_u0,APT_FP_5e20c0a6_17441963,missing_essential:주방,5,거실:1;현관:1;침실:2;화장실:1
APT_FP_2e9d7198_17446927_u0,APT_FP_2e9d7198_17446927,"missing_essential:거실,침실,주방,화장실",2,기타:1;현관:1
APT_FP_af000ceb_17446927_u1,APT_FP_af000ceb_17446927,missing_essential:주방,10,침실:3;화장실:2;발코니:1;현관:1;드레스룸:1;실외기실:1;거실:1
APT_FP_2f23c763_17446927_u1,APT_FP_2f23c763_17446927,missing_essential:주방,10,침실:3;화장실:2;거실:1;실외기실:1;드레스룸:1;현관:1;발코니:1
APT_FP_9e066bb1_17446927_u3,APT_FP_9e066bb1_17446927,missing_essential:주방,12,현관:1;실외기실:1;거실:1;기타:2;발코니:1;화장실:2;드레스룸:1;침실:3
APT_FP_2494c080_17446927_u0,APT_FP_2494c080_17446927,"missing_essential:거실,침실,주방,화장실",2,기타:1;현관:1
,APT_FP_a1858d3e_17434935,no_unit_with_entrance,19,
APT_FP_d0b80b4f_17434935_u0,APT_FP_d0b80b4f_17434935,"missing_essential:거실,침실,주방,화장실",2,기타:1;현관:1
APT_FP_2d07eef5_17446927_u0,APT_FP_2d07eef5_17446927,missing_essential:주방,10,실외기실:1;거실:1;발코니:1;화장실:2;침실:3;드레스룸:1;현관:1
APT_FP_5231afd4_17446927_u0,APT_FP_5231afd4_17446927,missing_essential:주방,12,드레스룸:1;침실:3;화장실:2;기타:2;거실:1;발코니:1;현관:1;실외기실:1
APT_FP_e3169444_17446927_u3,APT_FP_e3169444_17446927,missing_essential:주방,12,실외기실:1;거실:1;기타:2;발코니:1;화장실:2;드레스룸:1;침실:3;현관:1
APT_FP_b2435226_17446927_u3,APT_FP_b2435226_17446927,missing_essential:주방,12,거실:1;화장실:2;실외기실:1;침실:3;드레스룸:1;기타:2;발코니:1;현관:1
,APT_FP_ff8806e3_17446927,no_unit_with_entrance,16,
APT_FP_dc215bb9_17434935_u0,APT_FP_dc215bb9_17434935,missing_essential:주방,14,발코니:3;화장실:2;실외기실:1;침실:3;기타:1;드레스룸:2;거실:1;현관:1
APT_FP_0fa8bc44_17446927_u0,APT_FP_0fa8bc44_17446927,"missing_essential:거실,침실,주방,화장실",2,기타:1;현관:1
APT_FP_61b23011_17434935_u0,APT_FP_61b23011_17434935,"missing_essential:거실,침실,주방,화장실",2,현관:1;기타:1
,APT_FP_ee7dafd2_17438443,no_unit_with_entrance,25,
APT_FP_9fbc14af_17446927_u0,APT_FP_9fbc14af_17446927,missing_essential:주방,12,화장실:2;거실:1;침실:3;실외기실:1;기타:2;발코니:1;드레스룸:1;현관:1
,APT_FP_1a58e326_17446927,no_unit_with_entrance,15,
APT_FP_9832de6e_17446927_u0,APT_FP_9832de6e_17446927,missing_essential:주방,10,침실:3;현관:1;발코니:1;화장실:2;드레스룸:1;실외기실:1;거실:1
APT_FP_b7063dda_17446927_u0,APT_FP_b7063dda_17446927,"missing_essential:거실,침실,주방,화장실",2,현관:1;기타:1
APT_FP_15fa1602_17446927_u3,APT_FP_15fa1602_17446927,missing_essential:주방,10,침실:3;드레스룸:1;실외기실:1;화장실:2;현관:1;거실:1;발코니:1
APT_FP_88efd52b_17446927_u1,APT_FP_88efd52b_17446927,missing_essential:주방,10,침실:3;거실:1;실외기실:1;화장실:2;현관:1;드레스룸:1;발코니:1
APT_FP_264e27ca_17434935_u0,APT_FP_264e27ca_17434935,"missing_essential:거실,침실,주방,화장실",2,현관:1;기타:1
APT_FP_53cf96d8_17441963_u0,APT_FP_53cf96d8_17441963,missing_essential:주방,10,화장실:2;거실:1;발코니:1;현관:1;침실:3;기타:1;드레스룸:1
,APT_FP_2d0e8162_17434935,no_unit_with_entrance,20,
APT_FP_5d2fee29_17446927_u0,APT_FP_5d2fee29_17446927,"missing_essential:거실,침실,주방",2,화장실:1;현관:1
APT_FP_87dfb568_17446927_u0,APT_FP_87dfb568_17446927,missing_essential:주방,10,드레스룸:1;실외기실:1;거실:1;화장실:2;침실:3;현관:1;발코니:1
APT_FP_9317c4f7_17446927_u3,APT_FP_9317c4f7_17446927,missing_essential:주방,10,침실:3;드레스룸:1;화장실:2;거실:1;실외기실:1;현관:1;발코니:1
APT_FP_2a0a20ca_17441963_u0,APT_FP_2a0a20ca_17441963,missing_essential:주방,10,드레스룸:1;거실:1;화장실:2;발코니:1;침실:3;현관:1;기타:1
,APT_FP_cbbbe1a9_17436388,no_unit_with_entrance,17,
APT_FP_446fa09f_17446927_u2,APT_FP_446fa09f_17446927,missing_essential:주방,12,기타:2;침실:3;현관:1;실외기실:1;거실:1;발코니:1;화장실:2;드레스룸:1
APT_FP_2edab2cd_17446927_u0,APT_FP_2edab2cd_17446927,missing_essential:주방,12,침실:3;화장실:2;기타:2;거실:1;현관:1;드레스룸:1;실외기실:1;발코니:1
APT_FP_494136cb_17446927_u1,APT_FP_494136cb_17446927,"missing_essential:거실,침실,주방,화장실",2,현관:1;기타:1
APT_FP_6197e742_17434935_u0,APT_FP_6197e742_17434935,missing_essential:주방,14,실외기실:1;거실:1;침실:3;화장실:2;발코니:3;드레스룸:2;기타:1;현관:1
,APT_FP_d1ca244f_17446927,no_unit_with_entrance,17,
APT_FP_abd11d38_17438514_u0,APT_FP_abd11d38_17438514,missing_essential:화장실,9,기타:2;발코니:2;침실:2;현관:1;거실:1;주방:1
APT_FP_e30c010d_17441963_u0,APT_FP_e30c010d_17441963,"missing_essential:거실,침실,주방,화장실",2,현관:2
APT_FP_dc522153_17436388_u0,APT_FP_dc522153_17436388,"missing_essential:거실,침실,주방,화장실",2,현관:1;기타:1
APT_FP_933e593a_17446927_u0,APT_FP_933e593a_17446927,missing_essential:주방,13,기타:3;침실:3;화장실:2;발코니:1;거실:1;드레스룸:1;현관:1;실외기실:1
APT_FP_933e593a_17446927_u1,APT_FP_933e593a_17446927,missing_essential:주방,12,드레스룸:1;현관:1;침실:3;화장실:2;기타:2;발코니:1;실외기실:1;거실:1
APT_FP_69229921_17446927_u0,APT_FP_69229921_17446927,missing_essential:주방,10,실외기실:1;거실:1;드레스룸:1;화장실:2;침실:3;현관:1;발코니:1
APT_FP_69229921_17446927_u3,APT_FP_69229921_17446927,missing_essential:주방,12,침실:3;현관:1;실외기실:1;거실:1;기타:2;발코니:1;화장실:2;드레스룸:1
,APT_FP_ed116775_17446927,no_unit_with_entrance,20,
APT_FP_d289d620_17446927_u1,APT_FP_d289d620_17446927,missing_essential:주방,10,침실:3;화장실:2;발코니:1;현관:1;거실:1;드레스룸:1;실외기실:1
APT_FP_75d0ca5a_17434935_u0,APT_FP_75d0ca5a_17434935,"missing_essential:거실,침실,주방,화장실",2,현관:1;기타:1
APT_FP_8567353f_17446927_u0,APT_FP_8567353f_17446927,missing_essential:주방,10,실외기실:1;거실:1;화장실:2;침실:3;현관:1;발코니:1;드레스룸:1
APT_FP_578275c9_17446927_u2,APT_FP_578275c9_17446927,missing_essential:주방,10,화장실:2;현관:1;실외기실:1;발코니:1;침실:3;거실:1;드레스룸:1
APT_FP_e9777921_17446927_u2,APT_FP_e9777921_17446927,missing_essential:주방,12,실외기실:1;거실:1;기타:2;발코니:1;화장실:2;드레스룸:1;침실:3;현관:1
APT_FP_daa12ed1_17434935_u0,APT_FP_daa12ed1_17434935,missing_essential:주방,10,거실:1;침실:3;발코니:1;화장실:2;기타:1;현관:1;드레스룸:1
,APT_FP_458dfde9_17434935,no_unit_with_entrance,20,
APT_FP_65da0df1_17434935_u0,APT_FP_65da0df1_17434935,"missing_essential:거실,침실,주방,화장실",2,기타:1;현관:1
APT_FP_10329959_17446927_u1,APT_FP_10329959_17446927,missing_essential:주방,12,기타:2;침실:3;현관:1;실외기실:1;거실:1;발코니:1;화장실:2;드레스룸:1
APT_FP_3a17c4f2_17446927_u2,APT_FP_3a17c4f2_17446927,missing_essential:주방,10,실외기실:1;침실:3;발코니:1;거실:1;현관:1;드레스룸:1;화장실:2
,APT_FP_fffa59ba_17436388,no_unit_with_entrance,16,
APT_FP_c6513b22_17434935_u0,APT_FP_c6513b22_17434935,missing_essential:주방,14,침실:3;드레스룸:2;화장실:2;거실:1;현관:1;발코니:3;기타:1;실외기실:1
APT_FP_e766c836_17441963_u0,APT_FP_e766c836_17441963,"missing_essential:거실,침실,주방",2,화장실:1;현관:1
APT_FP_537d29a4_17434935_u2,APT_FP_537d29a4_17434935,missing_essential:주방,14,현관:1;침실:3;화장실:2;실외기실:1;발코니:3;거실:1;기타:1;드레스룸:2
APT_FP_b465a6f6_17446927_u0,APT_FP_b465a6f6_17446927,"missing_essential:거실,침실,주방,화장실",2,기타:1;현관:1
APT_FP_356dc283_17446927_u1,APT_FP_356dc283_17446927,"missing_essential:거실,침실,주방,화장실",2,기타:1;현관:1
APT_FP_e47cf907_17446927_u0,APT_FP_e47cf907_17446927,"missing_essential:거실,침실,주방,화장실",2,현관:1;기타:1
APT_FP_f17a1b18_17446927_u2,APT_FP_f17a1b18_17446927,missing_essential:주방,12,기타:2;침실:3;드레스룸:1;화장실:2;발코니:1;거실:1;실외기실:1;현관:1
,APT_FP_b20af8f9_17434935,no_unit_with_entrance,18,
APT_FP_0c75211a_17446927_u0,APT_FP_0c75211a_17446927,missing_essential:주방,6,거실:1;화장실:1;침실:2;현관:1;기타:1
,APT_FP_4d218331_17446927,no_unit_with_entrance,16,
APT_FP_266aa69b_17446927_u0,APT_FP_266aa69b_17446927,"missing_essential:거실,침실",3,주방:1;현관:1;화장실:1
APT_FP_bd29789a_17446927_u2,APT_FP_bd29789a_17446927,missing_essential:주방,10,침실:3;화장실:2;발코니:1;현관:1;드레스룸:1;실외기실:1;거실:1
APT_FP_6cd49d66_17446927_u1,APT_FP_6cd49d66_17446927,missing_essential:주방,10,침실:3;드레스룸:1;실외기실:1;거실:1;화장실:2;현관:1;발코니:1
APT_FP_03c10e6b_17446927_u1,APT_FP_03c10e6b_17446927,missing_essential:주방,12,실외기실:1;거실:1;기타:2;발코니:1;화장실:2;드레스룸:1;침실:3;현관:1
APT_FP_03c10e6b_17446927_u3,APT_FP_03c10e6b_17446927,missing_essential:주방,10,침실:3;발코니:1;화장실:2;현관:1;거실:1;드레스룸:1;실외기실:1
,APT_FP_55efaebb_17434935,no_unit_with_entrance,22,
APT_FP_50da76b7_17434935_u0,APT_FP_50da76b7_17434935,missing_essential:주방,17,기타:3;발코니:2;화장실:3;드레스룸:3;현관:1;침실:4;거실:1
APT_FP_e5f9b425_17446927_u3,APT_FP_e5f9b425_17446927,missing_essential:주방,12,드레스룸:1;침실:3;기타:2;현관:1;실외기실:1;거실:1;발코니:1;화장실:2
APT_FP_56055c9e_17446927_u3,APT_FP_56055c9e_17446927,missing_essential:주방,12,침실:3;현관:1;실외기실:1;드레스룸:1;거실:1;기타:2;발코니:1;화장실:2
APT_FP_d2f22cf8_17446927_u0,APT_FP_d2f22cf8_17446927,missing_essential:주방,20,거실:1;실외기실:2;침실:3;현관:1;발코니:3;기타:7;화장실:2;드레스룸:1
APT_FP_e73df079_17434935_u0,APT_FP_e73df079_17434935,missing_essential:주방,11,거실:1;드레스룸:1;현관:1;침실:3;기타:1;발코니:2;화장실:2
APT_FP_55823166_17446927_u2,APT_FP_55823166_17446927,missing_essential:주방,12,기타:2;침실:3;현관:1;실외기실:1;거실:1;발코니:1;화장실:2;드레스룸:1
,APT_FP_ea848bfc_17446927,no_unit_with_entrance,16,
APT_FP_67c9a0e5_17446927_u0,APT_FP_67c9a0e5_17446927,"missing_essential:거실,침실,주방,화장실",3,현관:1;기타:2
APT_FP_4435aea9_17434935_u2,APT_FP_4435aea9_17434935,missing_essential:주방,14,침실:3;드레스룸:2;화장실:2;거실:1;기타:1;실외기실:1;발코니:3;현관:1
APT_FP_0b70b98f_17446927_u3,APT_FP_0b70b98f_17446927,missing_essential:주방,12,기타:2;발코니:1;화장실:2;드레스룸:1;침실:3;현관:1;실외기실:1;거실:1
,APT_FP_069aad8a_17446927,no_unit_with_entrance,18,
,APT_FP_ca6aa80e_17446927,no_unit_with_entrance,16,
,APT_FP_f3d23ee1_17446927,no_unit_with_entrance,21,
,APT_FP_5b0ff92b_17434935,no_unit_with_entrance,18,
APT_FP_1b303e57_17438514_u0,APT_FP_1b303e57_17438514,missing_essential:주방,14,화장실:2;드레스룸:2;기타:2;침실:3;발코니:2;실외기실:1;거실:1;현관:1
APT_FP_3fff3510_17446927_u0,APT_FP_3fff3510_17446927,missing_essential:주방,12,실외기실:1;거실:1;기타:2;발코니:1;화장실:2;드레스룸:1;침실:3;현관:1
,APT_FP_c7811390_17446927,no_unit_with_entrance,15,
APT_FP_ac7bbcaa_17446927_u1,APT_FP_ac7bbcaa_17446927,missing_essential:주방,10,거실:1;실외기실:1;침실:3;화장실:2;발코니:1;현관:1;드레스룸:1
APT_FP_101f3b7f_17434935_u0,APT_FP_101f3b7f_17434935,missing_essential:주방,15,현관:1;기타:3;화장실:3;드레스룸:2;실외기실:1;침실:3;발코니:1;거실:1
APT_FP_07ef1301_17434935_u0,APT_FP_07ef1301_17434935,missing_essential:주방,7,침실:3;화장실:1;현관:1;기타:1;거실:1
APT_FP_bc787b92_17434935_u3,APT_FP_bc787b92_17434935,missing_essential:주방,14,거실:1;드레스룸:2;기타:1;화장실:2;침실:3;현관:1;발코니:3;실외기실:1
APT_FP_2f7166d6_17446927_u0,APT_FP_2f7166d6_17446927,missing_essential:주방,10,실외기실:1;거실:1;화장실:2;침실:3;현관:1;발코니:1;드레스룸:1
APT_FP_2f7166d6_17446927_u1,APT_FP_2f7166d6_17446927,missing_essential:주방,12,현관:1;실외기실:1;거실:1;기타:2;발코니:1;화장실:2;드레스룸:1;침실:3
APT_FP_a7bd601d_17446927_u0,APT_FP_a7bd601d_17446927,missing_essential:주방,10,침실:3;화장실:2;현관:1;발코니:1;드레스룸:1;실외기실:1;거실:1
APT_FP_aee30e42_17434935_u3,APT_FP_aee30e42_17434935,missing_essential:주방,14,화장실:2;거실:1;침실:3;발코니:3;드레스룸:2;기타:1;현관:1;실외기실:1
APT_FP_0eab7c13_17434935_u0,APT_FP_0eab7c13_17434935,"missing_essential:거실,침실,주방,화장실",2,현관:1;기타:1
APT_FP_f5163225_17438514_u0,APT_FP_f5163225_17438514,missing_essential:주방,11,침실:3;화장실:4;거실:1;드레스룸:1;기타:1;현관:1
APT_FP_e52ea4b6_17446927_u0,APT_FP_e52ea4b6_17446927,"missing_essential:거실,침실,주방,화장실",3,기타:2;현관:1
APT_FP_f6045d08_17441963_u0,APT_FP_f6045d08_17441963,missing_essential:주방,8,침실:3;거실:1;발코니:1;현관:1;화장실:2
APT_FP_bd1ce979_17434935_u0,APT_FP_bd1ce979_17434935,missing_essential:주방,14,화장실:2;침실:3;실외기실:1;발코니:3;기타:1;거실:1;드레스룸:2;현관:1
APT_FP_1d3e4348_17446927_u1,APT_FP_1d3e4348_17446927,missing_essential:주방,10,화장실:2;침실:3;거실:1;현관:1;드레스룸:1;실외기실:1;발코니:1
,APT_FP_d334f461_17434935,no_unit_with_entrance,19,
APT_FP_f4249f32_17434935_u2,APT_FP_f4249f32_17434935,missing_essential:주방,14,거실:1;기타:1;현관:1;침실:3;화장실:2;발코니:3;드레스룸:2;실외기실:1
APT_FP_7398fe2c_17446927_u3,APT_FP_7398fe2c_17446927,missing_essential:주방,12,실외기실:1;거실:1;기타:2;발코니:1;화장실:2;드레스룸:1;침실:3;현관:1
,APT_FP_c613ea5f_17434935,no_unit_with_entrance,18,
APT_FP_f79f60dd_17446927_u0,APT_FP_f79f60dd_17446927,missing_essential:주방,18,침실:4;발코니:5;거실:1;드레스룸:2;화장실:3;기타:1;현관:1;실외기실:1
APT_FP_9c8aedb2_17434935_u0,APT_FP_9c8aedb2_17434935,missing_essential:거실,5,화장실:1;기타:1;현관:1;침실:1;주방:1
APT_FP_5dc84424_17434935_u0,APT_FP_5dc84424_17434935,"missing_essential:거실,침실,주방,화장실",2,현관:1;기타:1
APT_FP_db7a8194_17434935_u0,APT_FP_db7a8194_17434935,missing_essential:주방,11,드레스룸:1;발코니:3;현관:1;화장실:2;거실:1;침실:3
APT_FP_b3ee58a5_17446927_u2,APT_FP_b3ee58a5_17446927,missing_essential:주방,12,드레스룸:1;실외기실:1;침실:3;기타:2;화장실:2;현관:1;발코니:1;거실:1
APT_FP_7ecbf961_17446927_u0,APT_FP_7ecbf961_17446927,"missing_essential:거실,침실,주방,화장실",2,기타:1;현관:1
APT_FP_d7aec55e_17434935_u2,APT_FP_d7aec55e_17434935,missing_essential:주방,14,화장실:2;드레스룸:2;발코니:3;침실:3;거실:1;현관:1;실외기실:1;기타:1
APT_FP_d6dc2c78_17446927_u0,APT_FP_d6dc2c78_17446927,"missing_essential:거실,침실,주방,화장실",2,현관:1;기타:1
APT_FP_0f878bc2_17446927_u0,APT_FP_0f878bc2_17446927,missing_essential:주방,10,거실:1;드레스룸:1;화장실:2;침실:3;현관:1;발코니:1;실외기실:1
APT_FP_f186139f_17434935_u0,APT_FP_f186139f_17434935,missing_essential:주방,9,거실:1;침실:2;발코니:1;화장실:1;실외기실:1;다목적공간:1;현관:1;기타:1
APT_FP_fef747a4_17446927_u0,APT_FP_fef747a4_17446927,missing_essential:주방,10,드레스룸:1;현관:1;실외기실:1;발코니:1;거실:1;침실:3;화장실:2
APT_FP_fef747a4_17446927_u3,APT_FP_fef747a4_17446927,missing_essential:주방,12,실외기실:1;거실:1;기타:2;발코니:1;화장실:2;드레스룸:1;침실:3;현관:1
APT_FP_f42667f7_17446927_u0,APT_FP_f42667f7_17446927,"missing_essential:거실,침실,주방,화장실",2,기타:1;현관:1
APT_FP_b93fcc12_17446927_u1,APT_FP_b93fcc12_17446927,missing_essential:주방,12,실외기실:1;거실:1;기타:2;발코니:1;화장실:2;드레스룸:1;침실:3;현관:1
APT_FP_7c41ec2c_17446927_u0,APT_FP_7c41ec2c_17446927,missing_essential:주방,10,드레스룸:1;실외기실:1;거실:1;침실:3;화장실:2;현관:1;발코니:1
APT_FP_7c41ec2c_17446927_u2,APT_FP_7c41ec2c_17446927,missing_essential:주방,12,실외기실:1;거실:1;기타:2;발코니:1;화장실:2;드레스룸:1;침실:3;현관:1
APT_FP_278b26ef_17446927_u0,APT_FP_278b26ef_17446927,missing_essential:주방,6,기타:1;거실:1;화장실:1;침실:2;현관:1
,APT_FP_45a10608_17446927,no_unit_with_entrance,30,
APT_FP_80afa977_17446927_u0,APT_FP_80afa977_17446927,"missing_essential:거실,침실,주방,화장실",2,기타:1;현관:1
APT_FP_f4691380_17446927_u2,APT_FP_f4691380_17446927,missing_essential:주방,10,실외기실:1;거실:1;드레스룸:1;침실:3;화장실:2;현관:1;발코니:1
APT_FP_c7452005_17434935_u0,APT_FP_c7452005_17434935,"missing_essential:거실,침실,주방,화장실",2,현관:1;기타:1
APT_FP_eac5487e_17446927_u3,APT_FP_eac5487e_17446927,missing_essential:주방,12,기타:2;침실:3;현관:1;실외기실:1;거실:1;발코니:1;화장실:2;드레스룸:1
,APT_FP_810c80ca_17434935,no_unit_with_entrance,19,
APT_FP_058e8944_17434935_u0,APT_FP_058e8944_17434935,missing_essential:주방,10,화장실:2;발코니:1;침실:3;드레스룸:1;거실:1;기타:1;현관:1
APT_FP_ecd14b2c_17446927_u1,APT_FP_ecd14b2c_17446927,missing_essential:주방,10,드레스룸:1;침실:3;실외기실:1;거실:1;화장실:2;현관:1;발코니:1
,APT_FP_25b3b04f_17446927,no_unit_with_entrance,23,
APT_FP_d8b6b2d7_17446927_u0,APT_FP_d8b6b2d7_17446927,missing_essential:주방,10,거실:1;드레스룸:1;화장실:2;침실:3;현관:1;발코니:1;실외기실:1
APT_FP_f66fbb37_17446927_u1,APT_FP_f66fbb37_17446927,missing_essential:주방,12,기타:2;침실:3;현관:1;실외기실:1;거실:1;발코니:1;화장실:2;드레스룸:1
APT_FP_ca05b89c_17446927_u1,APT_FP_ca05b89c_17446927,missing_essential:주방,12,화장실:2;침실:3;발코니:1;기타:2;드레스룸:1;실외기실:1;거실:1;현관:1
APT_FP_852a95a6_17446927_u0,APT_FP_852a95a6_17446927,missing_essential:주방,11,침실:2;화장실:2;기타:3;거실:1;현관:1;드레스룸:1;발코니:1
APT_FP_0aa1c178_17446927_u0,APT_FP_0aa1c178_17446927,"missing_essential:거실,침실,주방,화장실",2,현관:1;기타:1
APT_FP_e872678a_17434935_u0,APT_FP_e872678a_17434935,missing_essential:주방,11,발코니:3;거실:1;화장실:2;침실:2;실외기실:1;현관:1;기타:1
APT_FP_65e69d4a_17446927_u1,APT_FP_65e69d4a_17446927,missing_essential:주방,12,기타:2;침실:3;현관:1;실외기실:1;거실:1;발코니:1;화장실:2;드레스룸:1
APT_FP_07aa61bb_17446927_u0,APT_FP_07aa61bb_17446927,missing_essential:주방,10,화장실:2;발코니:1;현관:1;침실:3;드레스룸:1;거실:1;실외기실:1
APT_FP_08da44c4_17441963_u0,APT_FP_08da44c4_17441963,missing_essential:주방,12,기타:3;현관:1;화장실:2;침실:3;드레스룸:1;발코니:1;거실:1
APT_FP_30fe1095_17434935_u0,APT_FP_30fe1095_17434935,missing_essential:주방,13,화장실:3;드레스룸:1;침실:3;거실:1;현관:2;발코니:2;실외기실:1
APT_FP_360554b4_17446927_u1,APT_FP_360554b4_17446927,"missing_essential:거실,침실,주방,화장실",2,기타:1;현관:1
APT_FP_13e11ed0_17446927_u0,APT_FP_13e11ed0_17446927,missing_essential:주방,10,드레스룸:1;실외기실:1;거실:1;화장실:2;침실:3;현관:1;발코니:1
APT_FP_13e11ed0_17446927_u1,APT_FP_13e11ed0_17446927,missing_essential:주방,12,기타:2;침실:3;현관:1;실외기실:1;거실:1;발코니:1;화장실:2;드레스룸:1
APT_FP_3f8bd520_17434935_u3,APT_FP_3f8bd520_17434935,missing_essential:주방,14,실외기실:1;드레스룸:2;화장실:2;침실:3;현관:1;발코니:3;기타:1;거실:1
APT_FP_13c8f6cf_17434935_u0,APT_FP_13c8f6cf_17434935,missing_essential:주방,9,거실:1;화장실:2;기타:2;발코니:1;침실:2;현관:1
APT_FP_00963bc9_17434935_u0,APT_FP_00963bc9_17434935,"missing_essential:거실,침실,주방,화장실",2,현관:1;기타:1
APT_FP_4afdbf32_17446927_u1,APT_FP_4afdbf32_17446927,missing_essential:주방,18,발코니:5;거실:1;드레스룸:2;침실:4;화장실:3;현관:1;실외기실:1;기타:1
,APT_FP_c046e9a9_17434935,no_unit_with_entrance,16,
APT_FP_a54dc6bf_17446927_u1,APT_FP_a54dc6bf_17446927,missing_essential:주방,10,침실:3;화장실:2;발코니:1;현관:1;드레스룸:1;실외기실:1;거실:1
,DEH_FP_7832dfc5_17442034,no_unit_with_entrance,9,
,DEH_FP_ca6122f7_17442034,no_unit_with_entrance,24,
,DEH_FP_ab5e1f26_17441963,no_unit_with_entrance,10,
,APT_FP_5fa0c3e6_17434935,no_unit_with_entrance,22,
,DEH_FP_37c1f7ab_17441963,no_unit_with_entrance,12,
APT_FP_3ca299da_17434935_u2,APT_FP_3ca299da_17434935,missing_essential:주방,14,기타:1;드레스룸:2;침실:3;화장실:2;거실:1;발코니:3;현관:1;실외기실:1
,DEH_FP_5de36208_17442034,no_unit_with_entrance,5,
APT_FP_ccbe3cfa_17446927_u1,APT_FP_ccbe3cfa_17446927,"missing_essential:거실,침실,주방,화장실",2,기타:1;현관:1
APT_FP_6e8ce567_17434935_u1,APT_FP_6e8ce567_17434935,missing_essential:주방,14,거실:1;기타:1;드레스룸:2;침실:3;화장실:2;발코니:3;현관:1;실외기실:1
DEH_FP_0655c9f0_17441963_u0,DEH_FP_0655c9f0_17441963,"missing_essential:거실,침실",7,화장실:3;기타:2;현관:1;주방:1
,DEH_FP_75a18fc4_17441963,no_unit_with_entrance,16,
DEH_FP_77870654_17442034_u0,DEH_FP_77870654_17442034,missing_essential:주방,10,발코니:4;침실:3;화장실:1;현관:1;거실:1
DEH_FP_b99a0b40_17442034_u0,DEH_FP_b99a0b40_17442034,missing_essential:주방,16,현관:1;침실:4;화장실:2;기타:2;발코니:5;거실:1;드레스룸:1
,DEH_FP_e767943f_17442034,no_unit_with_entrance,16,
,DEH_FP_0ae121e4_17442034,no_unit_with_entrance,6,
,DEH_FP_f2f4f9b2_17442034,no_unit_with_entrance,21,
,DEH_FP_a2eb245e_17441963,no_unit_with_entrance,12,
DEH_FP_a7c19ab5_17445033_u0,DEH_FP_a7c19ab5_17445033,"missing_essential:거실,침실,주방,화장실",5,다목적공간:1;현관:1;기타:3
DEH_FP_bd111a2c_17441963_u0,DEH_FP_bd111a2c_17441963,missing_essential:주방,14,드레스룸:1;침실:3;발코니:1;화장실:3;거실:1;현관:1;기타:4
DEH_FP_bd111a2c_17441963_u1,DEH_FP_bd111a2c_17441963,missing_essential:주방,15,거실:1;기타:5;침실:3;드레스룸:1;현관:1;발코니:1;화장실:3
DEH_FP_b1096df8_17441963_u0,DEH_FP_b1096df8_17441963,"missing_essential:거실,주방",14,현관:4;화장실:4;침실:4;기타:2
DEH_FP_b1096df8_17441963_u1,DEH_FP_b1096df8_17441963,missing_essential:거실,15,화장실:5;침실:4;주방:1;현관:4;기타:1
DEH_FP_d66d538e_17442034_u0,DEH_FP_d66d538e_17442034,"missing_essential:거실,침실,주방,화장실",2,현관:1;기타:1
,DEH_FP_d516fa99_17441963,no_unit_with_entrance,7,
,DEH_FP_6f67cff9_17442034,no_unit_with_entrance,11,
DEH_FP_f412ae0a_17441963_u0,DEH_FP_f412ae0a_17441963,missing_essential:침실,6,거실:1;주방:3;현관:1;화장실:1
,DEH_FP_d623a6b9_17441963,no_unit_with_entrance,17,
DEH_FP_1c107819_17441963_u0,DEH_FP_1c107819_17441963,missing_essential:주방,6,화장실:2;거실:1;침실:2;현관:1
,DEH_FP_a49403c8_17441963,no_unit_with_entrance,9,
DEH_FP_4756021d_17442034_u0,DEH_FP_4756021d_17442034,"missing_essential:침실,주방",3,화장실:1;현관:1;거실:1
DEH_FP_7919b7f8_17442034_u0,DEH_FP_7919b7f8_17442034,missing_essential:주방,15,기타:2;화장실:4;침실:4;발코니:2;드레스룸:1;거실:1;현관:1
DEH_FP_56adf845_17442034_u0,DEH_FP_56adf845_17442034,"missing_essential:거실,침실,주방",2,화장실:1;현관:1
DEH_FP_dce9c8a0_17441963_u0,DEH_FP_dce9c8a0_17441963,"missing_essential:거실,주방,화장실",2,침실:1;현관:1
,DEH_FP_391e268f_17441963,no_unit_with_entrance,10,
,DEH_FP_14017b17_17442034,no_unit_with_entrance,8,
DEH_FP_30114cfc_17441963_u0,DEH_FP_30114cfc_17441963,missing_essential:주방,7,드레스룸:1;거실:1;화장실:2;침실:1;기타:1;현관:1
DEH_FP_65c280c4_17442034_u0,DEH_FP_65c280c4_17442034,"missing_essential:침실,주방",5,기타:1;현관:1;화장실:1;거실:1;다목적공간:1
DEH_FP_749b16f1_17442034_u0,DEH_FP_749b16f1_17442034,"missing_essential:거실,침실,주방,화장실",2,현관:1;기타:1
,DEH_FP_7f5a5b0f_17442034,no_unit_with_entrance,17,
DEH_FP_371170e7_17442034_u0,DEH_FP_371170e7_17442034,"missing_essential:거실,침실,주방,화장실",2,드레스룸:1;현관:1
,DEH_FP_c461c255_17442034,no_unit_with_entrance,5,
DEH_FP_08efb1ab_17442034_u0,DEH_FP_08efb1ab_17442034,missing_essential:주방,5,침실:2;화장실:1;거실:1;현관:1
DEH_FP_30afb423_17442034_u0,DEH_FP_30afb423_17442034,missing_essential:주방,17,발코니:2;기타:5;화장실:3;현관:1;침실:4;드레스룸:1;거실:1
DEH_FP_02779f9d_17442034_u0,DEH_FP_02779f9d_17442034,"missing_essential:거실,주방",3,현관:1;침실:1;화장실:1
DEH_FP_02779f9d_17442034_u1,DEH_FP_02779f9d_17442034,missing_essential:침실,8,기타:3;주방:1;거실:1;현관:1;화장실:2
DEH_FP_a0023fd5_17445033_u0,DEH_FP_a0023fd5_17445033,missing_essential:침실,7,현관:1;기타:1;주방:3;화장실:1;거실:1
DEH_FP_b4cf2e72_17442034_u0,DEH_FP_b4cf2e72_17442034,missing_essential:주방,7,화장실:2;침실:2;거실:1;현관:1;기타:1
,DEH_FP_3b0323d5_17442034,no_unit_with_entrance,8,
,DEH_FP_fa325ccc_17442034,no_unit_with_entrance,11,
,DEH_FP_cbbcd670_17441963,no_unit_with_entrance,5,
DEH_FP_cb73ca02_17442034_u0,DEH_FP_cb73ca02_17442034,missing_essential:주방,5,현관:1;거실:1;침실:1;발코니:1;화장실:1
,DEH_FP_9f4b475e_17441963,no_unit_with_entrance,6,
DEH_FP_82599786_17441963_u0,DEH_FP_82599786_17441963,missing_essential:침실,7,주방:2;화장실:2;기타:1;현관:1;거실:1
DEH_FP_377f00e8_17442034_u0,DEH_FP_377f00e8_17442034,"missing_essential:거실,침실,주방,화장실",4,기타:3;현관:1
,DEH_FP_3d2a4e42_17442034,no_unit_with_entrance,20,
,DEH_FP_014e3904_17441963,no_unit_with_entrance,13,
,DEH_FP_445c19e5_17441963,no_unit_with_entrance,36,
DEH_FP_1019ec39_17441963_u0,DEH_FP_1019ec39_17441963,"missing_essential:거실,침실,주방,화장실",3,현관:1;기타:2
DEH_FP_e0f94f70_17442034_u0,DEH_FP_e0f94f70_17442034,"missing_essential:거실,침실,주방,화장실",2,현관:2
,DEH_FP_62cc3db8_17442034,no_unit_with_entrance,9,
,DEH_FP_1204a7e6_17441963,no_unit_with_entrance,9,
DEH_FP_1391f435_17441963_u0,DEH_FP_1391f435_17441963,missing_essential:주방,6,기타:2;거실:1;현관:1;화장실:1;침실:1
DEH_FP_113a7e66_17441963_u0,DEH_FP_113a7e66_17441963,missing_essential:침실,10,거실:1;기타:4;화장실:2;다목적공간:1;주방:1;현관:1
DEH_FP_723b8d75_17445033_u0,DEH_FP_723b8d75_17445033,missing_essential:침실,7,화장실:2;현관:1;주방:2;기타:1;거실:1
DEH_FP_9ad68e52_17441963_u0,DEH_FP_9ad68e52_17441963,missing_essential:주방,4,거실:1;현관:1;침실:1;화장실:1
,DEH_FP_6d4e0aa4_17442034,no_unit_with_entrance,10,
DEH_FP_e544fce8_17442034_u0,DEH_FP_e544fce8_17442034,"missing_essential:거실,침실,주방,화장실",3,현관:1;기타:2
DEH_FP_9cbc7380_17442034_u0,DEH_FP_9cbc7380_17442034,"missing_essential:거실,침실,주방",4,드레스룸:1;화장실:2;현관:1
DEH_FP_5ce01954_17442034_u0,DEH_FP_5ce01954_17442034,"missing_essential:거실,화장실",3,현관:1;주방:1;침실:1
,DEH_FP_cf4d42de_17441963,no_unit_with_entrance,9,
DEH_FP_8df05621_17442034_u0,DEH_FP_8df05621_17442034,"missing_essential:거실,주방",10,기타:4;현관:1;발코니:2;드레스룸:1;화장실:1;침실:1
,DEH_FP_963e2009_17441963,no_unit_with_entrance,11,
,DEH_FP_b9e5365a_17441963,no_unit_with_entrance,6,
,DEH_FP_f679b26e_17442034,no_unit_with_entrance,9,
,DEH_FP_47f4c95f_17442034,no_unit_with_entrance,14,
DEH_FP_ef154093_17441963_u1,DEH_FP_ef154093_17441963,"missing_essential:거실,주방,화장실",2,현관:1;침실:1
,DEH_FP_aa2fbad8_17442034,no_unit_with_entrance,10,
DEH_FP_a8734bbe_17445033_u0,DEH_FP_a8734bbe_17445033,"missing_essential:거실,주방,화장실",2,현관:1;침실:1
DEH_FP_a8734bbe_17445033_u1,DEH_FP_a8734bbe_17445033,"missing_essential:거실,주방,화장실",2,현관:1;침실:1
,DEH_FP_2a5fe746_17441963,no_unit_with_entrance,8,
,DEH_FP_f73ece3f_17446927,no_unit_with_entrance,4,
DEH_FP_47e29576_17441963_u0,DEH_FP_47e29576_17441963,missing_essential:침실,6,주방:1;기타:1;현관:1;다목적공간:1;화장실:1;거실:1
,DEH_FP_95a4f565_17442034,no_unit_with_entrance,5,
DEH_FP_eab4663c_17445033_u0,DEH_FP_eab4663c_17445033,missing_essential:침실,7,주방:2;거실:1;화장실:2;현관:1;기타:1
DEH_FP_eab4663c_17445033_u1,DEH_FP_eab4663c_17445033,missing_essential:침실,7,화장실:2;기타:1;주방:2;거실:1;현관:1
,DEH_FP_ace40c94_17442034,no_unit_with_entrance,25,
DEH_FP_8fc3d9bb_17442034_u0,DEH_FP_8fc3d9bb_17442034,missing_essential:주방,13,화장실:3;현관:1;발코니:1;침실:3;기타:4;거실:1
,DEH_FP_dfc9bdf1_17441963,no_unit_with_entrance,6,
DEH_FP_395a1d88_17441963_u1,DEH_FP_395a1d88_17441963,"missing_essential:거실,주방",10,기타:5;현관:2;화장실:2;침실:1
,DEH_FP_4a2324fc_17442034,no_unit_with_entrance,7,
,DEH_FP_aaea4ffe_17442034,no_unit_with_entrance,12,
DEH_FP_e92402ca_17441963_u0,DEH_FP_e92402ca_17441963,"missing_essential:거실,침실,화장실",2,주방:1;현관:1
DEH_FP_e92402ca_17441963_u1,DEH_FP_e92402ca_17441963,"missing_essential:거실,침실,화장실",2,현관:1;주방:1
DEH_FP_35548713_17442034_u1,DEH_FP_35548713_17442034,"missing_essential:거실,침실,주방",4,화장실:2;기타:1;현관:1
,DEH_FP_d4f693c3_17442034,no_unit_with_entrance,18,
,DEH_FP_6c04ada5_17441963,no_unit_with_entrance,16,
DEH_FP_62a63be4_17442034_u0,DEH_FP_62a63be4_17442034,"missing_essential:거실,침실,주방",4,드레스룸:1;화장실:2;현관:1
,DEH_FP_850c4b3f_17442034,no_unit_with_entrance,22,
DEH_FP_ea064dee_17441963_u0,DEH_FP_ea064dee_17441963,missing_essential:주방,10,드레스룸:3;거실:1;기타:2;현관:1;화장실:2;침실:1
DEH_FP_ea064dee_17441963_u1,DEH_FP_ea064dee_17441963,"missing_essential:거실,침실,화장실",6,현관:1;주방:1;다목적공간:1;기타:3
DEH_FP_e49a9876_17442034_u0,DEH_FP_e49a9876_17442034,missing_essential:거실,11,드레스룸:1;기타:3;침실:1;화장실:2;발코니:2;현관:1;주방:1
,DEH_FP_dc8cc6bc_17441963,no_unit_with_entrance,7,
,DEH_FP_34891b0d_17441963,no_unit_with_entrance,12,
DEH_FP_c9412ef2_17441963_u0,DEH_FP_c9412ef2_17441963,missing_essential:침실,12,다목적공간:1;기타:6;주방:1;현관:1;화장실:2;거실:1
DEH_FP_de7ee961_17441963_u0,DEH_FP_de7ee961_17441963,"missing_essential:침실,주방,화장실",2,거실:1;현관:1
,DEH_FP_7064bc08_17442034,no_unit_with_entrance,18,
DEH_FP_2b854bdd_17442034_u0,DEH_FP_2b854bdd_17442034,missing_essential:주방,6,침실:2;화장실:2;현관:1;거실:1
DEH_FP_45ff3a59_17441963_u0,DEH_FP_45ff3a59_17441963,"missing_essential:침실,주방",4,현관:1;거실:1;화장실:1;기타:1
DEH_FP_ecd15a7d_17442034_u0,DEH_FP_ecd15a7d_17442034,missing_essential:주방,8,발코니:1;침실:2;화장실:2;기타:1;현관:1;거실:1
,DEH_FP_6dcffe28_17441963,no_unit_with_entrance,15,
DEH_FP_5717b7f8_17442034_u0,DEH_FP_5717b7f8_17442034,missing_essential:주방,7,기타:1;침실:2;화장실:1;발코니:1;거실:1;현관:1
,DEH_FP_d734bded_17442034,no_unit_with_entrance,13,
,DEH_FP_8211a8e9_17441963,no_unit_with_entrance,17,
DEH_FP_e3cd5555_17442034_u0,DEH_FP_e3cd5555_17442034,missing_essential:주방,6,침실:2;화장실:2;현관:1;거실:1
DEH_FP_0fb823b6_17441963_u1,DEH_FP_0fb823b6_17441963,missing_essential:거실,4,주방:1;현관:1;화장실:1;침실:1
DEH_FP_0fb823b6_17441963_u2,DEH_FP_0fb823b6_17441963,missing_essential:거실,9,현관:2;침실:2;기타:1;주방:2;화장실:2
,DEH_FP_03b0c36e_17442034,no_unit_with_entrance,6,
,DEH_FP_bd27f75a_17442034,no_unit_with_entrance,19,
DEH_FP_64bb5688_17441963_u0,DEH_FP_64bb5688_17441963,missing_essential:거실,6,기타:2;현관:1;침실:1;주방:1;화장실:1
,DEH_FP_ac454124_17442034,no_unit_with_entrance,8,
,DEH_FP_40cf7767_17442034,no_unit_with_entrance,15,
,DEH_FP_72eda0fa_17441963,no_unit_with_entrance,25,
,DEH_FP_386ff473_17441963,no_unit_with_entrance,15,
,DEH_FP_53622f6c_17442034,no_unit_with_entrance,26,
,DEH_FP_36d9adac_17441963,no_unit_with_entrance,19,
,DEH_FP_160e9316_17442034,no_unit_with_entrance,22,
DEH_FP_3a026586_17441963_u0,DEH_FP_3a026586_17441963,missing_essential:주방,8,드레스룸:1;침실:2;거실:1;현관:1;다목적공간:1;기타:1;화장실:1
DEH_FP_d276e595_17442034_u0,DEH_FP_d276e595_17442034,missing_essential:주방,9,기타:1;화장실:1;침실:4;발코니:1;거실:1;현관:1
,DEH_FP_a6b929a3_17441963,no_unit_with_entrance,5,
DEH_FP_e62cadaf_17446927_u0,DEH_FP_e62cadaf_17446927,"missing_essential:주방,화장실",4,거실:1;침실:2;현관:1
DEH_FP_944cefca_17445033_u0,DEH_FP_944cefca_17445033,missing_essential:침실,6,화장실:1;주방:1;현관:1;기타:2;거실:1
DEH_FP_e1448793_17446927_u0,DEH_FP_e1448793_17446927,missing_essential:주방,7,화장실:2;거실:1;현관:1;침실:3
,DEH_FP_fc6d7f52_17441963,no_unit_with_entrance,5,
DEH_FP_dee00478_17442034_u0,DEH_FP_dee00478_17442034,"missing_essential:거실,침실,주방,화장실",2,현관:1;기타:1
DEH_FP_6b4ef116_17442034_u0,DEH_FP_6b4ef116_17442034,missing_essential:주방,5,거실:1;현관:1;침실:2;화장실:1
DEH_FP_1780bfe9_17442034_u0,DEH_FP_1780bfe9_17442034,"missing_essential:침실,주방",3,현관:1;화장실:1;거실:1
,DEH_FP_17200c5e_17441963,no_unit_with_entrance,10,
DEH_FP_5d066bae_17442034_u0,DEH_FP_5d066bae_17442034,"missing_essential:거실,침실,주방",3,기타:1;화장실:1;현관:1
DEH_FP_684efa67_8703024_u1,DEH_FP_684efa67_8703024,missing_essential:주방,6,현관:1;침실:3;화장실:1;거실:1
DEH_FP_039043c5_17442034_u0,DEH_FP_039043c5_17442034,missing_essential:주방,6,거실:1;침실:1;화장실:2;기타:1;현관:1
,DEH_FP_296f5c52_17441963,no_unit_with_entrance,15,
DEH_FP_84379f58_17441963_u0,DEH_FP_84379f58_17441963,"missing_essential:침실,주방",5,기타:2;현관:1;화장실:1;거실:1
DEH_FP_bec76a68_17446927_u0,DEH_FP_bec76a68_17446927,missing_essential:주방,6,침실:2;기타:1;거실:1;화장실:1;현관:1
DEH_FP_9df56844_17441963_u0,DEH_FP_9df56844_17441963,"missing_essential:침실,주방",5,기타:2;화장실:1;거실:1;현관:1
,DEH_FP_0ff1f5ce_17442034,no_unit_with_entrance,21,
,DEH_FP_80be3994_17442034,no_unit_with_entrance,6,
,DEH_FP_59d5916e_17441963,no_unit_with_entrance,7,
DEH_FP_5956f42b_17441963_u0,DEH_FP_5956f42b_17441963,"missing_essential:거실,침실,화장실",4,다목적공간:1;주방:1;기타:1;현관:1
DEH_FP_5956f42b_17441963_u1,DEH_FP_5956f42b_17441963,missing_essential:주방,10,거실:1;드레스룸:3;화장실:2;현관:1;침실:1;기타:2
,DEH_FP_aeeeae65_17441963,no_unit_with_entrance,9,
,DEH_FP_2dc0ac05_17441963,no_unit_with_entrance,10,
,DEH_FP_e62069e2_17442034,no_unit_with_entrance,18,
,DEH_FP_722ba03c_17441963,no_unit_with_entrance,5,
DEH_FP_f842a8f6_17442034_u0,DEH_FP_f842a8f6_17442034,missing_essential:주방,11,화장실:2;거실:1;발코니:3;기타:1;침실:3;현관:1
DEH_FP_e88c017c_17442034_u0,DEH_FP_e88c017c_17442034,"missing_essential:거실,침실,주방,화장실",2,기타:1;현관:1
,DEH_FP_0cd0f3e4_17442034,no_unit_with_entrance,26,
,DEH_FP_bd148f0f_17441963,no_unit_with_entrance,9,
,DEH_FP_ea8edf41_17441963,no_unit_with_entrance,23,
,DEH_FP_b90f0aa5_17442034,no_unit_with_entrance,17,
,DEH_FP_0a9a6b09_17442034,no_unit_with_entrance,18,
,DEH_FP_6a86cb95_17442034,no_unit_with_entrance,16,
,DEH_FP_ac0f6995_17442034,no_unit_with_entrance,16,
DEH_FP_6b62a442_17442034_u0,DEH_FP_6b62a442_17442034,missing_essential:주방,11,기타:3;발코니:1;화장실:2;현관:1;침실:3;거실:1
DEH_FP_db475fc4_17442034_u0,DEH_FP_db475fc4_17442034,missing_essential:주방,12,침실:3;기타:2;드레스룸:1;거실:1;발코니:1;현관:1;화장실:3
DEH_FP_ad92d2a7_17442034_u0,DEH_FP_ad92d2a7_17442034,missing_essential:주방,6,기타:1;침실:2;화장실:1;현관:1;거실:1
DEH_FP_9c07f974_17442034_u0,DEH_FP_9c07f974_17442034,"missing_essential:거실,침실,주방",2,화장실:1;현관:1
DEH_FP_d43c18ce_17442034_u0,DEH_FP_d43c18ce_17442034,missing_essential:주방,5,거실:1;침실:2;화장실:1;현관:1
,DEH_FP_e0b85322_17441963,no_unit_with_entrance,10,
DEH_FP_8b3ce275_17441963_u0,DEH_FP_8b3ce275_17441963,missing_essential:주방,8,화장실:3;침실:2;현관:1;드레스룸:1;거실:1
DEH_FP_5b74d36d_17442034_u0,DEH_FP_5b74d36d_17442034,"missing_essential:거실,침실,주방,화장실",2,기타:1;현관:1
DEH_FP_bdcfeb62_17441963_u0,DEH_FP_bdcfeb62_17441963,"missing_essential:거실,주방",7,드레스룸:1;화장실:2;기타:2;현관:1;침실:1
,DEH_FP_a12996ad_17442034,no_unit_with_entrance,5,
DEH_FP_4fe426a7_17442034_u0,DEH_FP_4fe426a7_17442034,"missing_essential:거실,주방",10,화장실:2;기타:5;현관:2;침실:1
DEH_FP_fc0c4823_17441963_u0,DEH_FP_fc0c4823_17441963,missing_essential:주방,8,침실:1;기타:2;드레스룸:1;화장실:2;현관:1;거실:1
,DEH_FP_34558cc9_17442034,no_unit_with_entrance,11,
DEH_FP_d8661c41_17442034_u0,DEH_FP_d8661c41_17442034,missing_essential:주방,9,화장실:2;침실:3;거실:1;기타:1;현관:1;발코니:1
,DEH_FP_adf8c962_17442034,no_unit_with_entrance,26,
DEH_FP_888fa835_17442034_u0,DEH_FP_888fa835_17442034,"missing_essential:거실,침실,주방,화장실",2,기타:1;현관:1
DEH_FP_4290f0ff_17442034_u0,DEH_FP_4290f0ff_17442034,"missing_essential:침실,주방",5,다목적공간:1;기타:1;현관:1;화장실:1;거실:1
,DEH_FP_a4049d00_17441963,no_unit_with_entrance,14,
DEH_FP_b014913f_17441963_u0,DEH_FP_b014913f_17441963,missing_essential:주방,10,침실:3;기타:2;화장실:3;거실:1;현관:1
DEH_FP_9f6c6760_17442034_u0,DEH_FP_9f6c6760_17442034,missing_essential:주방,8,현관:1;화장실:1;거실:1;기타:1;발코니:1;침실:3
,DEH_FP_833d3b1d_17441963,no_unit_with_entrance,6,
,DEH_FP_265ddf4f_17442034,no_unit_with_entrance,18,
,DEH_FP_0dd5797c_17442034,no_unit_with_entrance,17,
,DEH_FP_26a44ce5_17442034,no_unit_with_entrance,10,
DEH_FP_0c10b188_17446927_u0,DEH_FP_0c10b188_17446927,missing_essential:주방,6,침실:2;화장실:1;거실:1;기타:1;현관:1
,DEH_FP_ead0f5f6_17442034,no_unit_with_entrance,13,
,DEH_FP_4468845a_17442034,no_unit_with_entrance,14,
,DEH_FP_0832981f_17441963,no_unit_with_entrance,7,
,DEH_FP_34b13cb9_17441963,no_unit_with_entrance,8,
,DEH_FP_f8f540b2_17442034,no_unit_with_entrance,9,
DEH_FP_06cb3a90_17445033_u0,DEH_FP_06cb3a90_17445033,missing_essential:침실,6,주방:1;현관:1;화장실:1;기타:2;거실:1
DEH_FP_06cb3a90_17445033_u1,DEH_FP_06cb3a90_17445033,missing_essential:침실,6,기타:2;거실:1;화장실:1;현관:1;주방:1
DEH_FP_bf76ae27_17442034_u0,DEH_FP_bf76ae27_17442034,"missing_essential:거실,침실,주방,화장실",2,현관:1;기타:1
DEH_FP_bf76ae27_17442034_u1,DEH_FP_bf76ae27_17442034,"missing_essential:거실,침실,주방",5,기타:3;화장실:1;현관:1
DEH_FP_bcf13c56_17441963_u0,DEH_FP_bcf13c56_17441963,missing_essential:침실,7,화장실:1;기타:3;거실:1;주방:1;현관:1
DEH_FP_12813e88_17441963_u1,DEH_FP_12813e88_17441963,"missing_essential:침실,주방",4,거실:1;기타:1;화장실:1;현관:1
DEH_FP_caeafcce_17441963_u0,DEH_FP_caeafcce_17441963,missing_essential:화장실,5,주방:1;거실:1;현관:1;침실:1;다목적공간:1
DEH_FP_cb3f101c_17441963_u0,DEH_FP_cb3f101c_17441963,missing_essential:주방,5,기타:1;침실:1;화장실:1;거실:1;현관:1
DEH_FP_cb3f101c_17441963_u1,DEH_FP_cb3f101c_17441963,"missing_essential:거실,주방,화장실",2,현관:1;침실:1
,DEH_FP_b519d76c_17441963,no_unit_with_entrance,5,
,DEH_FP_61c1bd64_17442034,no_unit_with_entrance,20,
DEH_FP_252278f1_17442034_u0,DEH_FP_252278f1_17442034,missing_essential:주방,14,기타:5;현관:1;화장실:2;침실:2;발코니:3;거실:1
,DEH_FP_9489e3e0_17441963,no_unit_with_entrance,10,
,DEH_FP_ef3cd615_17441963,no_unit_with_entrance,6,
,DEH_FP_9920ce48_17442034,no_unit_with_entrance,21,
,DEH_FP_be732bfa_17442034,no_unit_with_entrance,13,
DEH_FP_03445500_17445033_u0,DEH_FP_03445500_17445033,"missing_essential:거실,침실,주방,화장실",5,기타:3;현관:1;다목적공간:1
,DEH_FP_969dcd50_17442034,no_unit_with_entrance,10,
DEH_FP_f559fbe2_17445033_u0,DEH_FP_f559fbe2_17445033,missing_essential:침실,7,주방:2;기타:1;화장실:2;거실:1;현관:1
,DEH_FP_2d89bfb4_17442034,no_unit_with_entrance,25,
,DEH_FP_4e5822cd_17442034,no_unit_with_entrance,23,
DEH_FP_853a31fd_17442034_u0,DEH_FP_853a31fd_17442034,"missing_essential:주방,화장실",4,현관:1;거실:1;침실:2
DEH_FP_050c104f_17442034_u0,DEH_FP_050c104f_17442034,missing_essential:주방,8,화장실:2;거실:2;침실:2;현관:1;드레스룸:1
,DEH_FP_0ff34193_17442034,no_unit_with_entrance,19,
,DEH_FP_97c61315_17442034,no_unit_with_entrance,16,
DEH_FP_c742ae5e_17442034_u0,DEH_FP_c742ae5e_17442034,missing_essential:주방,7,현관:1;침실:2;화장실:2;거실:1;기타:1
DEH_FP_681fcc67_17441963_u0,DEH_FP_681fcc67_17441963,"missing_essential:거실,침실",5,기타:1;화장실:2;주방:1;현관:1
DEH_FP_bb1fd1ef_17441963_u0,DEH_FP_bb1fd1ef_17441963,"missing_essential:거실,침실,주방,화장실",6,기타:4;현관:1;다목적공간:1
,DEH_FP_285e552f_17441963,no_unit_with_entrance,35,
DEH_FP_aaaca336_17441963_u0,DEH_FP_aaaca336_17441963,missing_essential:주방,10,화장실:3;침실:3;발코니:2;현관:1;거실:1
DEH_FP_aaaca336_17441963_u1,DEH_FP_aaaca336_17441963,missing_essential:주방,9,현관:1;화장실:3;침실:2;기타:1;발코니:1;거실:1
DEH_FP_a6eafc9e_17442034_u0,DEH_FP_a6eafc9e_17442034,"missing_essential:침실,주방",7,거실:1;기타:3;다목적공간:1;화장실:1;현관:1
,DEH_FP_1f957516_17442034,no_unit_with_entrance,24,
,DEH_FP_295fa477_17441963,no_unit_with_entrance,18,
DEH_FP_cfc6a9bd_17442034_u0,DEH_FP_cfc6a9bd_17442034,missing_essential:주방,13,화장실:3;침실:3;드레스룸:1;기타:2;거실:1;발코니:2;현관:1
DEH_FP_66190a57_17442034_u0,DEH_FP_66190a57_17442034,missing_essential:거실,6,침실:1;화장실:1;주방:1;기타:2;현관:1
,DEH_FP_998ffe47_17441963,no_unit_with_entrance,10,
DEH_FP_f4b6f3eb_17442034_u0,DEH_FP_f4b6f3eb_17442034,missing_essential:주방,12,침실:2;거실:1;발코니:1;현관:1;기타:5;화장실:2
DEH_FP_c7b49fd5_17441963_u0,DEH_FP_c7b49fd5_17441963,missing_essential:주방,16,현관:1;침실:4;화장실:3;드레스룸:2;거실:1;발코니:4;다목적공간:1
DEH_FP_72a52c03_17446927_u0,DEH_FP_72a52c03_17446927,missing_essential:화장실,4,침실:1;현관:1;주방:1;거실:1
,DEH_FP_a01642ca_17442034,no_unit_with_entrance,14,
DEH_FP_e7b11213_17441963_u0,DEH_FP_e7b11213_17441963,missing_essential:침실,6,다목적공간:1;현관:1;거실:1;화장실:1;주방:1;기타:1
DEH_FP_e7b11213_17441963_u1,DEH_FP_e7b11213_17441963,missing_essential:침실,6,주방:1;화장실:1;다목적공간:1;거실:1;현관:1;기타:1
,DEH_FP_eaa693a8_17441963,no_unit_with_entrance,16,
DEH_FP_8595e273_17445033_u0,DEH_FP_8595e273_17445033,missing_essential:침실,6,기타:2;거실:1;주방:1;현관:1;화장실:1
DEH_FP_18ef8248_17441963_u0,DEH_FP_18ef8248_17441963,missing_essential:침실,7,화장실:1;기타:2;다목적공간:1;주방:1;거실:1;현관:1
DEH_FP_41e783fd_17442034_u0,DEH_FP_41e783fd_17442034,"missing_essential:거실,침실,주방,화장실",2,기타:1;현관:1
,DEH_FP_428ef306_17441963,no_unit_with_entrance,12,
,DEH_FP_afd666c8_17442034,no_unit_with_entrance,14,
DEH_FP_5c8495eb_17441963_u0,DEH_FP_5c8495eb_17441963,"missing_essential:거실,침실,주방",9,화장실:1;현관:2;기타:6
,DEH_FP_8517b1cd_17441963,no_unit_with_entrance,16,
,DEH_FP_3d3066c9_17442034,no_unit_with_entrance,33,
,DEH_FP_6853c073_17442034,no_unit_with_entrance,6,
,DEH_FP_558b88c5_17441963,no_unit_with_entrance,4,
DEH_FP_54b3b2e9_17442034_u0,DEH_FP_54b3b2e9_17442034,"missing_essential:거실,침실,화장실",3,기타:1;현관:1;주방:1
DEH_FP_c5f04570_17441963_u0,DEH_FP_c5f04570_17441963,missing_essential:침실,7,주방:1;기타:2;거실:1;현관:1;다목적공간:1;화장실:1
DEH_FP_7c32d1b6_17441963_u0,DEH_FP_7c32d1b6_17441963,"missing_essential:거실,침실,주방,화장실",2,현관:2
DEH_FP_af6f33b5_17441963_u0,DEH_FP_af6f33b5_17441963,"missing_essential:거실,침실,주방,화장실",2,기타:1;현관:1
,DEH_FP_2c44c398_17442034,no_unit_with_entrance,12,
,DEH_FP_2e8c0d2f_17442034,no_unit_with_entrance,5,
DEH_FP_11e49168_17441963_u0,DEH_FP_11e49168_17441963,missing_essential:주방,7,화장실:1;다목적공간:1;드레스룸:1;침실:1;기타:1;거실:1;현관:1
,DEH_FP_04fa0aa7_17441963,no_unit_with_entrance,18,
,DEH_FP_805c72d4_17442034,no_unit_with_entrance,22,
DEH_FP_40b583f6_17441963_u0,DEH_FP_40b583f6_17441963,missing_essential:화장실,9,주방:2;기타:2;현관:1;드레스룸:1;다목적공간:1;거실:1;침실:1
DEH_FP_8b02c12e_17441963_u0,DEH_FP_8b02c12e_17441963,missing_essential:침실,7,거실:1;현관:1;기타:3;주방:1;화장실:1
DEH_FP_f066d7f1_17442034_u0,DEH_FP_f066d7f1_17442034,missing_essential:주방,11,현관:1;발코니:2;침실:3;화장실:3;기타:1;거실:1
,DEH_FP_bd31336a_17441963,no_unit_with_entrance,11,
DEH_FP_7a721b8b_17441963_u0,DEH_FP_7a721b8b_17441963,missing_essential:침실,8,화장실:1;기타:2;현관:1;거실:1;주방:1;드레스룸:1;다목적공간:1
DEH_FP_df6d221d_17442034_u0,DEH_FP_df6d221d_17442034,missing_essential:주방,13,현관:1;침실:3;화장실:3;기타:3;거실:1;드레스룸:1;발코니:1
DEH_FP_fd34fa6b_17441963_u0,DEH_FP_fd34fa6b_17441963,"missing_essential:거실,침실,주방,화장실",3,기타:2;현관:1
,DEH_FP_b693e58f_17441963,no_unit_with_entrance,7,
DEH_FP_b050c84e_17441963_u0,DEH_FP_b050c84e_17441963,missing_essential:침실,6,거실:1;현관:1;기타:1;화장실:1;다목적공간:1;주방:1
,DEH_FP_70bd7d55_17441963,no_unit_with_entrance,8,
DEH_FP_c4ad18de_17442034_u0,DEH_FP_c4ad18de_17442034,"missing_essential:거실,침실,주방,화장실",2,현관:1;기타:1
,DEH_FP_38359012_17441963,no_unit_with_entrance,12,
,DEH_FP_85e1327b_17441963,no_unit_with_entrance,42,
DEH_FP_7fecb6b7_17441963_u0,DEH_FP_7fecb6b7_17441963,"missing_essential:침실,주방",6,화장실:2;기타:2;현관:1;거실:1
,DEH_FP_c117c935_17442034,no_unit_with_entrance,18,
DEH_FP_b7b2dfcc_17445033_u1,DEH_FP_b7b2dfcc_17445033,"missing_essential:거실,주방,화장실",2,현관:1;침실:1
,DEH_FP_7ddf77aa_17441963,no_unit_with_entrance,10,
DEH_FP_c6c049b6_17442034_u0,DEH_FP_c6c049b6_17442034,"missing_essential:침실,화장실",3,거실:1;현관:1;주방:1
DEH_FP_c6c049b6_17442034_u1,DEH_FP_c6c049b6_17442034,missing_essential:침실,5,주방:1;화장실:1;기타:1;거실:1;현관:1
,DEH_FP_c35d6c11_17442034,no_unit_with_entrance,17,
,DEH_FP_a7f0e199_17441963,no_unit_with_entrance,12,
DEH_FP_246d8301_17442034_u0,DEH_FP_246d8301_17442034,missing_essential:주방,14,다목적공간:2;화장실:3;드레스룸:1;현관:1;침실:3;발코니:3;거실:1
,DEH_FP_d476f5f4_17442034,no_unit_with_entrance,17,
DEH_FP_be1e3b78_17445033_u2,DEH_FP_be1e3b78_17445033,"missing_essential:거실,침실,주방,화장실",5,다목적공간:1;현관:1;기타:3
,DEH_FP_b8cc1a28_17442034,no_unit_with_entrance,28,
DEH_FP_2c9fd789_17441963_u0,DEH_FP_2c9fd789_17441963,missing_essential:주방,6,화장실:1;현관:1;침실:1;드레스룸:1;기타:1;거실:1
,DEH_FP_c1c9376e_17442034,no_unit_with_entrance,19,
DEH_FP_628177b4_17441963_u0,DEH_FP_628177b4_17441963,"missing_essential:침실,주방",4,화장실:1;기타:1;거실:1;현관:1
DEH_FP_6155de36_17445033_u0,DEH_FP_6155de36_17445033,missing_essential:침실,7,현관:1;거실:1;화장실:1;주방:3;기타:1
DEH_FP_6155de36_17445033_u1,DEH_FP_6155de36_17445033,missing_essential:침실,7,주방:3;현관:1;화장실:1;거실:1;기타:1
DEH_FP_1f1a09da_17441963_u0,DEH_FP_1f1a09da_17441963,missing_essential:주방,6,침실:1;화장실:2;기타:1;거실:1;현관:1
,DEH_FP_81097ec9_17442034,no_unit_with_entrance,9,
,DEH_FP_cd1587a9_17441963,no_unit_with_entrance,10,
,DEH_FP_a600f775_17442034,no_unit_with_entrance,20,
,DEH_FP_f6dda66f_17446927,no_unit_with_entrance,12,
DEH_FP_4f463303_17442034_u0,DEH_FP_4f463303_17442034,"missing_essential:거실,침실,주방,화장실",2,기타:1;현관:1
,DEH_FP_cb8f1f24_17442034,no_unit_with_entrance,22,
,DEH_FP_495a8c3d_17442034,no_unit_with_entrance,9,
DEH_FP_f32b1f67_17442034_u0,DEH_FP_f32b1f67_17442034,missing_essential:주방,8,침실:3;발코니:1;현관:1;화장실:1;기타:1;거실:1
DEH_FP_12194c6f_17441963_u0,DEH_FP_12194c6f_17441963,"missing_essential:거실,주방,화장실",2,현관:1;침실:1
DEH_FP_eb6f1d6c_17442034_u0,DEH_FP_eb6f1d6c_17442034,"missing_essential:거실,침실,주방,화장실",2,기타:1;현관:1
,DEH_FP_a6a9fa8e_17441963,no_unit_with_entrance,40,
DEH_FP_12dd7d79_17441963_u0,DEH_FP_12dd7d79_17441963,"missing_essential:거실,침실,주방",9,기타:6;현관:2;화장실:1
DEH_FP_6dc8312a_17442034_u0,DEH_FP_6dc8312a_17442034,"missing_essential:침실,주방",3,화장실:1;거실:1;현관:1
,DEH_FP_7b677681_17441963,no_unit_with_entrance,7,
DEH_FP_56253206_17442034_u0,DEH_FP_56253206_17442034,missing_essential:화장실,5,기타:1;현관:1;거실:1;주방:1;침실:1
DEH_FP_5a5c8486_17445033_u1,DEH_FP_5a5c8486_17445033,"missing_essential:거실,주방,화장실",2,침실:1;현관:1
,DEH_FP_2c32df05_17441963,no_unit_with_entrance,11,
DEH_FP_130e903f_17441963_u0,DEH_FP_130e903f_17441963,"missing_essential:거실,주방",12,기타:6;화장실:3;현관:1;드레스룸:1;침실:1
DEH_FP_130e903f_17441963_u1,DEH_FP_130e903f_17441963,missing_essential:거실,10,화장실:4;현관:1;침실:1;드레스룸:1;주방:1;기타:2
,DEH_FP_25382977_17441963,no_unit_with_entrance,11,
ROW_FP_496dc2c4_17441963_u0,ROW_FP_496dc2c4_17441963,"missing_essential:거실,주방",3,화장실:1;현관:1;침실:1
ROW_FP_496dc2c4_17441963_u1,ROW_FP_496dc2c4_17441963,"missing_essential:거실,주방",5,침실:1;드레스룸:1;발코니:1;현관:1;화장실:1
DEH_FP_bcfc696f_17445033_u1,DEH_FP_bcfc696f_17445033,"missing_essential:거실,침실,주방,화장실",5,다목적공간:1;현관:1;기타:3
,DEH_FP_e340fe65_17442034,no_unit_with_entrance,19,
,ROW_FP_8e85dd64_17441963,no_unit_with_entrance,17,
,DEH_FP_8e5efe5b_17442034,no_unit_with_entrance,35,
DEH_FP_e76e5a16_17442034_u0,DEH_FP_e76e5a16_17442034,"missing_essential:거실,침실,주방",4,현관:1;기타:1;화장실:2
,DEH_FP_d1acdd22_17441963,no_unit_with_entrance,12,
,DEH_FP_6d7e7eb8_17441963,no_unit_with_entrance,7,
,DEH_FP_b814693b_17442034,no_unit_with_entrance,4,
,DEH_FP_fa4f3b21_17442034,no_unit_with_entrance,20,
,DEH_FP_bed1b79f_17442034,no_unit_with_entrance,5,
,DEH_FP_d792b416_17441963,no_unit_with_entrance,5,
,DEH_FP_8547e6a5_17442034,no_unit_with_entrance,12,
DEH_FP_ca84c3cd_17441963_u0,DEH_FP_ca84c3cd_17441963,missing_essential:침실,6,현관:1;주방:1;거실:1;기타:2;화장실:1
,DEH_FP_725a420e_17442034,no_unit_with_entrance,16,
DEH_FP_b967a4ee_17442034_u0,DEH_FP_b967a4ee_17442034,missing_essential:주방,12,현관:1;화장실:3;거실:1;기타:1;실외기실:1;발코니:2;침실:3
,DEH_FP_36d221c3_17442034,no_unit_with_entrance,21,
,DEH_FP_7fef69d9_17441963,no_unit_with_entrance,6,
DEH_FP_012fd71c_17441963_u0,DEH_FP_012fd71c_17441963,missing_essential:주방,6,거실:1;현관:1;기타:1;침실:2;화장실:1
,DEH_FP_4cbeb3d8_17442034,no_unit_with_entrance,7,
DEH_FP_cff4ed43_17441963_u0,DEH_FP_cff4ed43_17441963,missing_essential:침실,8,현관:1;기타:3;주방:1;거실:1;화장실:2
DEH_FP_cff4ed43_17441963_u1,DEH_FP_cff4ed43_17441963,"missing_essential:거실,주방",3,침실:1;현관:1;화장실:1
DEH_FP_5323bcb0_17442034_u0,DEH_FP_5323bcb0_17442034,"missing_essential:거실,침실,주방,화장실",3,현관:1;기타:2
,DEH_FP_3545d0f2_17442034,no_unit_with_entrance,7,
,DEH_FP_3bed8ef9_17441963,no_unit_with_entrance,16,
,ROW_FP_09a6b6a2_17441963,no_unit_with_entrance,9,
DEH_FP_78489018_17442034_u0,DEH_FP_78489018_17442034,"missing_essential:거실,침실,주방,화장실",2,현관:1;기타:1
,ROW_FP_a755b6aa_17441963,no_unit_with_entrance,11,
ROW_FP_52074e86_17442034_u0,ROW_FP_52074e86_17442034,missing_essential:거실,5,주방:1;기타:1;화장실:1;침실:1;현관:1
ROW_FP_52074e86_17442034_u1,ROW_FP_52074e86_17442034,"missing_essential:거실,침실",3,화장실:1;주방:1;현관:1
ROW_FP_52074e86_17442034_u2,ROW_FP_52074e86_17442034,missing_essential:거실,4,화장실:1;침실:1;주방:1;현관:1
ROW_FP_52074e86_17442034_u3,ROW_FP_52074e86_17442034,missing_essential:거실,4,현관:1;주방:1;화장실:1;침실:1
ROW_FP_52074e86_17442034_u4,ROW_FP_52074e86_17442034,"missing_essential:거실,침실",3,주방:1;화장실:1;현관:1
ROW_FP_52074e86_17442034_u5,ROW_FP_52074e86_17442034,"missing_essential:거실,침실",3,현관:1;화장실:1;주방:1
,ROW_FP_72364f54_17442034,no_unit_with_entrance,18,
,ROW_FP_b41b7837_17442034,no_unit_with_entrance,7,
,ROW_FP_ee6242b0_17442034,no_unit_with_entrance,13,
ROW_FP_952794aa_17442034_u0,ROW_FP_952794aa_17442034,"missing_essential:거실,침실,주방,화장실",4,현관:1;기타:3
ROW_FP_1d7728f6_17441963_u0,ROW_FP_1d7728f6_17441963,"missing_essential:거실,주방",12,현관:4;침실:4;화장실:4
,ROW_FP_b4a5ddf3_17441963,no_unit_with_entrance,10,
ROW_FP_3895b1f9_17442034_u0,ROW_FP_3895b1f9_17442034,"missing_essential:거실,침실,주방,화장실",4,기타:3;현관:1
,ROW_FP_3fe4381a_17441963,no_unit_with_entrance,13,
,ROW_FP_659985a7_17442034,no_unit_with_entrance,20,
,ROW_FP_1aa699bb_17441963,no_unit_with_entrance,10,
,ROW_FP_172d045d_17442034,no_unit_with_entrance,5,
ROW_FP_66eecd10_17442034_u0,ROW_FP_66eecd10_17442034,missing_essential:주방,18,화장실:4;발코니:4;침실:6;현관:2;거실:2
,ROW_FP_8daaba7f_17442034,no_unit_with_entrance,12,
ROW_FP_7aa58c02_17442034_u0,ROW_FP_7aa58c02_17442034,missing_essential:주방,8,침실:2;실외기실:1;화장실:1;다목적공간:1;발코니:1;거실:1;현관:1
ROW_FP_544fbc8f_17442034_u0,ROW_FP_544fbc8f_17442034,missing_essential:주방,12,침실:3;화장실:2;발코니:2;거실:1;실외기실:1;드레스룸:1;현관:1;기타:1
ROW_FP_2c03b8fb_17441963_u0,ROW_FP_2c03b8fb_17441963,"missing_essential:거실,침실,주방,화장실",2,현관:1;기타:1
,ROW_FP_b11b6ee8_17441963,no_unit_with_entrance,14,
ROW_FP_138b1f0f_17441963_u0,ROW_FP_138b1f0f_17441963,"missing_essential:거실,주방",4,침실:1;기타:1;화장실:1;현관:1
ROW_FP_138b1f0f_17441963_u1,ROW_FP_138b1f0f_17441963,"missing_essential:거실,침실,화장실",2,현관:1;주방:1
ROW_FP_138b1f0f_17441963_u2,ROW_FP_138b1f0f_17441963,"missing_essential:거실,침실,화장실",2,현관:1;주방:1
ROW_FP_138b1f0f_17441963_u3,ROW_FP_138b1f0f_17441963,"missing_essential:거실,주방",4,현관:1;침실:1;기타:1;화장실:1
ROW_FP_c79c77e4_17442034_u0,ROW_FP_c79c77e4_17442034,missing_essential:주방,9,기타:3;현관:1;거실:1;침실:2;화장실:2
,ROW_FP_871dbe87_17442034,no_unit_with_entrance,22,
,ROW_FP_1881a4d8_17442034,no_unit_with_entrance,21,
ROW_FP_7b882538_17442034_u0,ROW_FP_7b882538_17442034,"missing_essential:거실,침실,주방,화장실",2,기타:1;현관:1
ROW_FP_f53381fa_17441963_u0,ROW_FP_f53381fa_17441963,"missing_essential:거실,침실",6,기타:3;현관:1;화장실:1;주방:1
,ROW_FP_4db99758_17442034,no_unit_with_entrance,17,
,ROW_FP_de3fa6f8_17441963,no_unit_with_entrance,19,
ROW_FP_645740cb_17442034_u0,ROW_FP_645740cb_17442034,"missing_essential:거실,주방",6,화장실:1;드레스룸:1;기타:1;현관:1;침실:1;발코니:1
,ROW_FP_a41eb7d8_17441963,no_unit_with_entrance,14,
,ROW_FP_bdc2dc72_17441963,no_unit_with_entrance,6,
,ROW_FP_7d218621_17441963,no_unit_with_entrance,33,
ROW_FP_5999d036_17442034_u0,ROW_FP_5999d036_17442034,missing_essential:주방,15,화장실:3;기타:3;침실:4;거실:1;드레스룸:1;발코니:2;현관:1
,ROW_FP_73dac8d9_17441963,no_unit_with_entrance,12,
,ROW_FP_10cbe3f3_17441963,no_unit_with_entrance,3,
,ROW_FP_b04e52c4_17441963,no_unit_with_entrance,11,
ROW_FP_7ff42e1a_17442034_u0,ROW_FP_7ff42e1a_17442034,"missing_essential:거실,침실",3,화장실:1;주방:1;현관:1
ROW_FP_7ff42e1a_17442034_u1,ROW_FP_7ff42e1a_17442034,missing_essential:거실,8,주방:1;발코니:1;침실:1;현관:3;화장실:1;기타:1
,ROW_FP_c7d25acc_17441963,no_unit_with_entrance,15,
,ROW_FP_a6839bc2_17441963,no_unit_with_entrance,7,
ROW_FP_6330911e_17441963_u0,ROW_FP_6330911e_17441963,missing_essential:거실,5,주방:1;기타:1;현관:1;침실:1;화장실:1
,ROW_FP_a6965f2e_17442034,no_unit_with_entrance,8,
ROW_FP_cb8d79c4_17441963_u0,ROW_FP_cb8d79c4_17441963,"missing_essential:거실,침실,주방",9,기타:4;화장실:4;현관:1
ROW_FP_0a6622cf_17442034_u0,ROW_FP_0a6622cf_17442034,"missing_essential:거실,침실,주방,화장실",3,현관:2;기타:1
,ROW_FP_64e6133d_17442034,no_unit_with_entrance,17,
,ROW_FP_6596f907_17442034,no_unit_with_entrance,18,
ROW_FP_557b9e2f_17442034_u0,ROW_FP_557b9e2f_17442034,missing_essential:주방,10,화장실:2;기타:3;침실:2;현관:1;거실:1;발코니:1
,ROW_FP_7a5ffa72_17441963,no_unit_with_entrance,9,
,ROW_FP_a8dbcc7b_17441963,no_unit_with_entrance,16,
ROW_FP_95272035_17442034_u0,ROW_FP_95272035_17442034,missing_essential:주방,6,현관:1;거실:1;발코니:1;침실:2;화장실:1
,ROW_FP_8d2b1097_17442034,no_unit_with_entrance,9,
ROW_FP_1a660489_17441977_u0,ROW_FP_1a660489_17441977,"missing_essential:거실,주방",5,화장실:1;현관:2;다목적공간:1;침실:1
ROW_FP_1a660489_17441977_u1,ROW_FP_1a660489_17441977,missing_essential:주방,7,침실:3;거실:1;화장실:1;다목적공간:1;현관:1
,ROW_FP_086e7273_17442034,no_unit_with_entrance,12,
ROW_FP_3273ef6b_17441977_u0,ROW_FP_3273ef6b_17441977,missing_essential:거실,28,발코니:8;침실:8;주방:4;현관:4;화장실:4
ROW_FP_3273ef6b_17441977_u1,ROW_FP_3273ef6b_17441977,missing_essential:거실,28,현관:4;발코니:8;침실:8;주방:4;화장실:4
,ROW_FP_e7fb5a58_17441963,no_unit_with_entrance,4,
ROW_FP_266e7f12_17442034_u0,ROW_FP_266e7f12_17442034,"missing_essential:주방,화장실",3,침실:1;거실:1;현관:1
ROW_FP_266e7f12_17442034_u1,ROW_FP_266e7f12_17442034,"missing_essential:주방,화장실",3,침실:1;현관:1;거실:1
,ROW_FP_6b916dd7_17441963,no_unit_with_entrance,11,
,ROW_FP_1476e197_17442034,no_unit_with_entrance,20,
ROW_FP_00fe4e6d_17442034_u0,ROW_FP_00fe4e6d_17442034,"missing_essential:거실,침실,화장실",4,현관:1;주방:1;다목적공간:1;기타:1
ROW_FP_2bef07f9_17442034_u0,ROW_FP_2bef07f9_17442034,missing_essential:주방,6,거실:1;현관:1;기타:1;침실:1;화장실:1;발코니:1
ROW_FP_0a498f66_17441963_u0,ROW_FP_0a498f66_17441963,missing_essential:거실,7,기타:1;침실:2;현관:1;주방:1;화장실:2
,ROW_FP_6156d7e7_17442034,no_unit_with_entrance,8,
ROW_FP_55313a2e_17442034_u0,ROW_FP_55313a2e_17442034,missing_essential:주방,10,드레스룸:2;화장실:2;발코니:1;침실:2;기타:1;현관:1;거실:1
,ROW_FP_36091579_17441963,no_unit_with_entrance,5,
ROW_FP_eca85c8c_17441963_u0,ROW_FP_eca85c8c_17441963,"missing_essential:침실,주방",8,화장실:1;기타:5;현관:1;거실:1
ROW_FP_71c7346d_17441963_u0,ROW_FP_71c7346d_17441963,missing_essential:침실,8,발코니:1;현관:1;주방:2;거실:1;기타:2;화장실:1
ROW_FP_7196facc_17442034_u0,ROW_FP_7196facc_17442034,"missing_essential:거실,주방",10,발코니:2;다목적공간:2;침실:2;현관:1;화장실:1;실외기실:1;기타:1
,ROW_FP_3072e5be_17441963,no_unit_with_entrance,8,
,ROW_FP_1e07d5d4_17442034,no_unit_with_entrance,12,
,ROW_FP_bddb43d6_17441963,no_unit_with_entrance,10,
,ROW_FP_4374d8b6_17441963,no_unit_with_entrance,11,
ROW_FP_77508454_17441963_u0,ROW_FP_77508454_17441963,"missing_essential:거실,침실,주방",5,기타:2;화장실:2;현관:1
ROW_FP_0a2fe3f8_17442034_u0,ROW_FP_0a2fe3f8_17442034,missing_essential:주방,7,침실:3;거실:1;화장실:1;현관:1;발코니:1
,ROW_FP_e92d3c9b_17441963,no_unit_with_entrance,16,
ROW_FP_c5c218b3_17442034_u1,ROW_FP_c5c218b3_17442034,"missing_essential:거실,침실",4,화장실:1;주방:1;발코니:1;현관:1
ROW_FP_e759f3a7_17442034_u0,ROW_FP_e759f3a7_17442034,"missing_essential:거실,주방",9,침실:2;다목적공간:2;화장실:1;현관:1;실외기실:1;발코니:1;기타:1
ROW_FP_17475cec_17441963_u0,ROW_FP_17475cec_17441963,missing_essential:침실,4,거실:1;현관:1;주방:1;화장실:1
ROW_FP_e4d5bb3f_17442034_u0,ROW_FP_e4d5bb3f_17442034,"missing_essential:주방,화장실",3,현관:1;거실:1;침실:1
ROW_FP_e4d5bb3f_17442034_u1,ROW_FP_e4d5bb3f_17442034,"missing_essential:주방,화장실",3,현관:1;침실:1;거실:1
ROW_FP_b06712e0_17442034_u0,ROW_FP_b06712e0_17442034,"missing_essential:거실,침실,주방,화장실",2,현관:1;기타:1
ROW_FP_71fcd1c6_17441963_u0,ROW_FP_71fcd1c6_17441963,missing_essential:거실,9,주방:1;기타:1;침실:3;드레스룸:1;현관:1;화장실:2
,ROW_FP_fd9365a8_17441963,no_unit_with_entrance,8,
,ROW_FP_d6f8876c_17441963,no_unit_with_entrance,18,
ROW_FP_807f2476_17442034_u0,ROW_FP_807f2476_17442034,missing_essential:주방,6,침실:3;거실:1;화장실:1;현관:1
ROW_FP_f32a69dc_17442034_u0,ROW_FP_f32a69dc_17442034,"missing_essential:거실,침실,주방,화장실",2,현관:2
,ROW_FP_4937c7c3_17442034,no_unit_with_entrance,7,
ROW_FP_22ba33e4_17442034_u0,ROW_FP_22ba33e4_17442034,"missing_essential:거실,침실,주방,화장실",2,기타:1;현관:1
ROW_FP_da3dda4d_17441963_u0,ROW_FP_da3dda4d_17441963,missing_essential:주방,6,발코니:2;화장실:1;침실:1;거실:1;현관:1
ROW_FP_da3dda4d_17441963_u2,ROW_FP_da3dda4d_17441963,missing_essential:거실,5,침실:1;발코니:1;주방:1;현관:1;화장실:1
ROW_FP_da3dda4d_17441963_u3,ROW_FP_da3dda4d_17441963,missing_essential:거실,5,발코니:1;침실:1;현관:1;화장실:1;주방:1
ROW_FP_33b7a046_17442034_u0,ROW_FP_33b7a046_17442034,missing_essential:주방,6,침실:2;화장실:1;거실:1;현관:1;기타:1
,ROW_FP_acb7ba6d_17441963,no_unit_with_entrance,14,
ROW_FP_99480cfd_17442034_u1,ROW_FP_99480cfd_17442034,"missing_essential:거실,주방",5,화장실:1;현관:1;드레스룸:1;발코니:1;침실:1
,ROW_FP_9946de41_17441963,no_unit_with_entrance,8,
ROW_FP_be3f1e9b_17441977_u0,ROW_FP_be3f1e9b_17441977,"missing_essential:거실,침실,주방",4,화장실:1;기타:1;발코니:1;현관:1
ROW_FP_9d6265ec_17442034_u0,ROW_FP_9d6265ec_17442034,"missing_essential:거실,주방",5,현관:2;침실:1;다목적공간:1;화장실:1
,ROW_FP_e85d3821_17441963,no_unit_with_entrance,11,
ROW_FP_433d275b_17441963_u0,ROW_FP_433d275b_17441963,"missing_essential:거실,침실,주방",9,기타:5;현관:1;화장실:2;발코니:1
ROW_FP_0f2d8875_17441963_u0,ROW_FP_0f2d8875_17441963,missing_essential:침실,4,현관:1;거실:1;화장실:1;주방:1
ROW_FP_cdf4fbe7_17442034_u0,ROW_FP_cdf4fbe7_17442034,"missing_essential:거실,침실,화장실",4,다목적공간:1;주방:1;기타:1;현관:1
,ROW_FP_b984fa44_17441963,no_unit_with_entrance,11,
,ROW_FP_ad224cd4_17441963,no_unit_with_entrance,8,
ROW_FP_3fc94e17_17442034_u0,ROW_FP_3fc94e17_17442034,missing_essential:주방,7,현관:1;다목적공간:1;화장실:1;침실:3;거실:1
,ROW_FP_010381b2_17442034,no_unit_with_entrance,15,
ROW_FP_f20a0fee_17442034_u0,ROW_FP_f20a0fee_17442034,missing_essential:거실,32,기타:4;화장실:4;주방:4;발코니:8;현관:4;침실:8
,ROW_FP_c8989d41_17442034,no_unit_with_entrance,11,
,ROW_FP_6a4fa68f_17442034,no_unit_with_entrance,17,
ROW_FP_2ff4ea3d_17442034_u0,ROW_FP_2ff4ea3d_17442034,missing_essential:주방,7,침실:2;다목적공간:1;거실:1;화장실:1;현관:1;기타:1
,ROW_FP_d5a3f0ff_17442034,no_unit_with_entrance,4,
ROW_FP_f63c8dc6_17442034_u0,ROW_FP_f63c8dc6_17442034,missing_essential:침실,9,화장실:2;기타:2;현관:3;거실:1;주방:1
ROW_FP_f63c8dc6_17442034_u1,ROW_FP_f63c8dc6_17442034,missing_essential:주방,6,화장실:1;침실:2;현관:1;거실:1;기타:1
ROW_FP_fbae0d93_17441963_u1,ROW_FP_fbae0d93_17441963,missing_essential:주방,5,거실:1;화장실:1;기타:1;침실:1;현관:1
ROW_FP_a9ee6afd_17442034_u0,ROW_FP_a9ee6afd_17442034,"missing_essential:거실,침실,주방,화장실",2,기타:1;현관:1
,ROW_FP_57e1ff1a_17441963,no_unit_with_entrance,17,
ROW_FP_28744b32_17442034_u1,ROW_FP_28744b32_17442034,"missing_essential:거실,주방",3,침실:1;화장실:1;현관:1
ROW_FP_b75967fe_17442034_u0,ROW_FP_b75967fe_17442034,"missing_essential:거실,침실,주방",3,현관:1;화장실:1;기타:1
,ROW_FP_07b71bc5_17441963,no_unit_with_entrance,6,
ROW_FP_7e6907c9_17442034_u0,ROW_FP_7e6907c9_17442034,"missing_essential:거실,침실,주방,화장실",2,현관:2
ROW_FP_bf6ff2a2_17441963_u0,ROW_FP_bf6ff2a2_17441963,missing_essential:침실,8,주방:2;기타:2;거실:1;현관:1;화장실:1;발코니:1
ROW_FP_4b613611_17442034_u0,ROW_FP_4b613611_17442034,"missing_essential:거실,침실,주방,화장실",3,기타:2;현관:1
,ROW_FP_a52b67e5_17442034,no_unit_with_entrance,15,
ROW_FP_18f46b58_17441963_u0,ROW_FP_18f46b58_17441963,missing_essential:주방,8,침실:2;기타:1;다목적공간:1;현관:1;화장실:1;발코니:1;거실:1
,ROW_FP_220c22ae_17442034,no_unit_with_entrance,12,
ROW_FP_2c983c56_17441963_u0,ROW_FP_2c983c56_17441963,missing_essential:주방,10,현관:1;거실:1;화장실:1;기타:4;드레스룸:2;침실:1
,ROW_FP_2371896a_17442034,no_unit_with_entrance,14,
ROW_FP_496da0b0_17441963_u0,ROW_FP_496da0b0_17441963,missing_essential:주방,5,거실:1;침실:2;화장실:1;현관:1
,ROW_FP_8193d0e8_17442034,no_unit_with_entrance,18,
ROW_FP_8078edb9_17441963_u2,ROW_FP_8078edb9_17441963,"missing_essential:거실,주방",3,침실:1;화장실:1;현관:1
,ROW_FP_a4847f24_17441963,no_unit_with_entrance,17,
ROW_FP_92e93a60_17442034_u0,ROW_FP_92e93a60_17442034,missing_essential:거실,4,화장실:1;침실:1;현관:1;주방:1
,ROW_FP_89bb5859_17442034,no_unit_with_entrance,14,
ROW_FP_ca7044f2_17442034_u0,ROW_FP_ca7044f2_17442034,"missing_essential:거실,침실,주방,화장실",2,기타:1;현관:1
,ROW_FP_a7742ace_17442034,no_unit_with_entrance,8,
,ROW_FP_a2c4917f_17441963,no_unit_with_entrance,8,
ROW_FP_57882329_17441963_u0,ROW_FP_57882329_17441963,"missing_essential:거실,주방",6,현관:3;침실:1;화장실:1;기타:1
ROW_FP_57882329_17441963_u1,ROW_FP_57882329_17441963,"missing_essential:거실,주방",6,침실:2;화장실:2;현관:1;기타:1
ROW_FP_12349ced_17442034_u0,ROW_FP_12349ced_17442034,"missing_essential:거실,침실,주방,화장실",2,현관:1;기타:1
,ROW_FP_a2a35ff8_17442034,no_unit_with_entrance,15,
,ROW_FP_6f07803d_17441963,no_unit_with_entrance,12,
ROW_FP_ab3c090e_17441963_u0,ROW_FP_ab3c090e_17441963,"missing_essential:침실,주방",8,거실:1;기타:5;현관:1;화장실:1
ROW_FP_b7052e00_17442034_u0,ROW_FP_b7052e00_17442034,missing_essential:주방,8,화장실:2;침실:4;현관:1;거실:1
ROW_FP_5004bd44_17441963_u0,ROW_FP_5004bd44_17441963,"missing_essential:거실,침실,화장실",2,주방:1;현관:1
ROW_FP_e91a4778_17441963_u1,ROW_FP_e91a4778_17441963,missing_essential:거실,28,현관:4;침실:8;주방:4;발코니:8;화장실:4
,ROW_FP_f9cf3ceb_17442034,no_unit_with_entrance,22,
,ROW_FP_2bba7749_17442034,no_unit_with_entrance,13,
,ROW_FP_a5ac5bc3_17442034,no_unit_with_entrance,22,
,ROW_FP_6092d034_17441963,no_unit_with_entrance,16,
ROW_FP_4070fff8_17442034_u0,ROW_FP_4070fff8_17442034,"missing_essential:거실,침실,주방,화장실",3,기타:2;현관:1
ROW_FP_dedc1d98_17441963_u0,ROW_FP_dedc1d98_17441963,missing_essential:주방,8,드레스룸:1;기타:3;현관:1;거실:1;침실:1;화장실:1
ROW_FP_3406b04b_17442034_u0,ROW_FP_3406b04b_17442034,missing_essential:주방,10,거실:1;화장실:2;기타:3;침실:2;발코니:1;현관:1
ROW_FP_884b643e_17441963_u0,ROW_FP_884b643e_17441963,missing_essential:주방,8,침실:4;화장실:2;현관:1;거실:1
,ROW_FP_24760d1c_17442034,no_unit_with_entrance,19,
,APT_FP_9c5ac9a1_17434935,no_unit_with_entrance,17,
APT_FP_2611c490_17446927_u0,APT_FP_2611c490_17446927,"missing_essential:거실,침실,주방,화장실",2,현관:1;기타:1
APT_FP_605e1007_17446927_u1,APT_FP_605e1007_17446927,"missing_essential:거실,침실,주방,화장실",2,현관:1;기타:1
APT_FP_20cda30e_17446927_u0,APT_FP_20cda30e_17446927,missing_essential:침실,11,기타:5;주방:1;화장실:1;다목적공간:1;현관:1;거실:1;실외기실:1
APT_FP_81ef476d_17434935_u2,APT_FP_81ef476d_17434935,missing_essential:주방,14,화장실:2;드레스룸:2;침실:3;발코니:3;현관:1;기타:1;실외기실:1;거실:1
APT_FP_a46875d3_17446927_u1,APT_FP_a46875d3_17446927,missing_essential:주방,10,드레스룸:1;현관:1;실외기실:1;발코니:1;거실:1;침실:3;화장실:2
,APT_FP_e39d0ad9_17441963,no_unit_with_entrance,32,
APT_FP_9d3053e4_17446927_u0,APT_FP_9d3053e4_17446927,"missing_essential:거실,침실,주방,화장실",3,현관:1;기타:2
,APT_FP_0714271e_17434935,no_unit_with_entrance,16,
APT_FP_8586943f_193114_u0,APT_FP_8586943f_193114,"missing_essential:거실,침실,화장실",2,주방:1;현관:1
APT_FP_8586943f_193114_u1,APT_FP_8586943f_193114,"missing_essential:거실,침실,화장실",2,주방:1;현관:1
APT_FP_1f4d56a8_17446927_u1,APT_FP_1f4d56a8_17446927,"missing_essential:거실,침실,주방,화장실",2,기타:1;현관:1
,APT_FP_cd993273_335670,no_unit_with_entrance,20,
,APT_FP_dba88b49_17441963,no_unit_with_entrance,18,
APT_FP_b36f08ee_17446927_u0,APT_FP_b36f08ee_17446927,missing_essential:주방,10,침실:3;현관:1;발코니:1;화장실:2;드레스룸:1;실외기실:1;거실:1
APT_FP_b36f08ee_17446927_u1,APT_FP_b36f08ee_17446927,missing_essential:주방,12,침실:3;실외기실:1;거실:1;기타:2;발코니:1;화장실:2;드레스룸:1;현관:1
APT_FP_4c5628c8_17446927_u0,APT_FP_4c5628c8_17446927,"missing_essential:거실,침실,주방,화장실",2,기타:1;현관:1
APT_FP_971dd39d_17446927_u3,APT_FP_971dd39d_17446927,missing_essential:주방,12,실외기실:1;거실:1;기타:2;발코니:1;화장실:2;드레스룸:1;침실:3;현관:1
APT_FP_c78bbef8_17434935_u0,APT_FP_c78bbef8_17434935,"missing_essential:거실,침실,주방,화장실",2,현관:1;기타:1
APT_FP_0217265b_17441963_u0,APT_FP_0217265b_17441963,missing_essential:주방,14,화장실:2;발코니:2;침실:3;기타:3;드레스룸:2;현관:1;거실:1
APT_FP_d104cf9b_17438443_u0,APT_FP_d104cf9b_17438443,missing_essential:주방,11,침실:3;화장실:2;드레스룸:2;거실:1;기타:1;실외기실:1;현관:1
APT_FP_d104cf9b_17438443_u1,APT_FP_d104cf9b_17438443,missing_essential:주방,13,발코니:2;거실:1;드레스룸:2;실외기실:1;침실:3;기타:1;현관:1;화장실:2
APT_FP_3391b9a7_17434935_u0,APT_FP_3391b9a7_17434935,"missing_essential:거실,침실,주방,화장실",2,현관:1;기타:1
,APT_FP_fb3986ad_17447720,no_unit_with_entrance,46,
APT_FP_fab030e1_17441963_u0,APT_FP_fab030e1_17441963,"missing_essential:거실,침실",6,기타:3;주방:1;현관:1;화장실:1
APT_FP_e804f8e8_17446927_u0,APT_FP_e804f8e8_17446927,missing_essential:주방,14,거실:1;기타:4;발코니:1;침실:3;드레스룸:1;현관:1;실외기실:1;화장실:2
APT_FP_0fb4153a_17446927_u0,APT_FP_0fb4153a_17446927,missing_essential:주방,10,침실:3;현관:1;발코니:1;화장실:2;드레스룸:1;거실:1;실외기실:1
APT_FP_0fb4153a_17446927_u2,APT_FP_0fb4153a_17446927,missing_essential:주방,12,기타:2;드레스룸:1;거실:1;실외기실:1;화장실:2;발코니:1;침실:3;현관:1
APT_FP_b205feac_17446927_u0,APT_FP_b205feac_17446927,missing_essential:주방,12,기타:2;화장실:2;현관:1;드레스룸:1;거실:1;발코니:1;실외기실:1;침실:3
APT_FP_b205feac_17446927_u1,APT_FP_b205feac_17446927,missing_essential:주방,10,드레스룸:1;실외기실:1;거실:1;발코니:1;현관:1;침실:3;화장실:2
APT_FP_b205feac_17446927_u3,APT_FP_b205feac_17446927,missing_essential:주방,10,드레스룸:1;실외기실:1;거실:1;화장실:2;침실:3;현관:1;발코니:1
APT_FP_a0ba290b_17446927_u0,APT_FP_a0ba290b_17446927,missing_essential:주방,12,거실:1;기타:2;발코니:1;화장실:2;드레스룸:1;침실:3;현관:1;실외기실:1
APT_FP_a0ba290b_17446927_u2,APT_FP_a0ba290b_17446927,missing_essential:주방,10,실외기실:1;드레스룸:1;침실:3;현관:1;발코니:1;화장실:2;거실:1
APT_FP_587fd200_17446927_u3,APT_FP_587fd200_17446927,missing_essential:주방,10,침실:3;거실:1;실외기실:1;화장실:2;발코니:1;드레스룸:1;현관:1
APT_FP_3d83791e_17446927_u0,APT_FP_3d83791e_17446927,missing_essential:주방,10,거실:1;화장실:2;실외기실:1;침실:3;발코니:1;현관:1;드레스룸:1
APT_FP_d78ddd68_17441963_u0,APT_FP_d78ddd68_17441963,missing_essential:주방,6,거실:1;현관:1;침실:2;발코니:1;화장실:1
APT_FP_1120e225_17447720_u1,APT_FP_1120e225_17447720,"missing_essential:거실,침실,주방,화장실",2,현관:1;기타:1
APT_FP_69beff83_17446927_u0,APT_FP_69beff83_17446927,missing_essential:주방,10,실외기실:1;거실:1;드레스룸:1;화장실:2;침실:3;현관:1;발코니:1
APT_FP_7aa96f62_17446927_u0,APT_FP_7aa96f62_17446927,"missing_essential:거실,침실,주방,화장실",2,현관:1;기타:1
APT_FP_fd1e6e5f_17446927_u3,APT_FP_fd1e6e5f_17446927,missing_essential:주방,12,발코니:1;기타:2;거실:1;실외기실:1;드레스룸:1;침실:3;화장실:2;현관:1
APT_FP_3d548123_17446927_u0,APT_FP_3d548123_17446927,missing_essential:주방,12,현관:1;거실:1;화장실:2;침실:3;기타:2;드레스룸:1;발코니:1;실외기실:1
APT_FP_3b5a2e09_17441963_u0,APT_FP_3b5a2e09_17441963,"missing_essential:거실,침실,주방,화장실",2,현관:2
APT_FP_3c36d0f4_17446927_u0,APT_FP_3c36d0f4_17446927,missing_essential:주방,7,발코니:1;현관:1;화장실:1;거실:1;실외기실:1;침실:2
APT_FP_dec286b5_17446927_u0,APT_FP_dec286b5_17446927,missing_essential:주방,10,실외기실:1;발코니:1;거실:1;침실:3;화장실:2;현관:1;드레스룸:1
APT_FP_dec286b5_17446927_u3,APT_FP_dec286b5_17446927,missing_essential:주방,12,발코니:1;화장실:2;드레스룸:1;침실:3;기타:2;현관:1;실외기실:1;거실:1
APT_FP_cc9dbce9_17446927_u1,APT_FP_cc9dbce9_17446927,"missing_essential:거실,침실,주방,화장실",2,기타:1;현관:1
APT_FP_fbe008a6_17446927_u1,APT_FP_fbe008a6_17446927,missing_essential:주방,10,거실:1;침실:3;화장실:2;현관:1;발코니:1;드레스룸:1;실외기실:1
APT_FP_fbe008a6_17446927_u3,APT_FP_fbe008a6_17446927,missing_essential:주방,10,실외기실:1;거실:1;침실:3;화장실:2;발코니:1;현관:1;드레스룸:1
APT_FP_52e15d93_17446927_u0,APT_FP_52e15d93_17446927,missing_essential:주방,11,화장실:2;현관:1;발코니:1;실외기실:1;거실:1;침실:3;드레스룸:1;기타:1
APT_FP_738399b7_17446927_u0,APT_FP_738399b7_17446927,"missing_essential:거실,침실,주방",3,기타:1;화장실:1;현관:1
APT_FP_0fa7e16d_17446927_u1,APT_FP_0fa7e16d_17446927,missing_essential:주방,10,드레스룸:1;실외기실:1;거실:1;화장실:2;침실:3;현관:1;발코니:1
APT_FP_0fa7e16d_17446927_u2,APT_FP_0fa7e16d_17446927,missing_essential:주방,12,화장실:2;드레스룸:1;침실:3;기타:2;현관:1;실외기실:1;거실:1;발코니:1
APT_FP_977e2d56_17434935_u0,APT_FP_977e2d56_17434935,"missing_essential:거실,침실,주방,화장실",2,기타:1;현관:1
APT_FP_efb1ef5f_17446927_u1,APT_FP_efb1ef5f_17446927,missing_essential:주방,10,침실:3;실외기실:1;거실:1;드레스룸:1;화장실:2;현관:1;발코니:1
APT_FP_f0f19ddb_17447720_u0,APT_FP_f0f19ddb_17447720,"missing_essential:거실,침실,주방,화장실",2,현관:1;기타:1
,APT_FP_36d6f595_17434935,no_unit_with_entrance,15,
APT_FP_f6193356_17446927_u0,APT_FP_f6193356_17446927,"missing_essential:거실,침실,주방,화장실",2,현관:1;기타:1
APT_FP_5dbf9f46_17446927_u3,APT_FP_5dbf9f46_17446927,missing_essential:주방,10,드레스룸:1;실외기실:1;거실:1;침실:3;화장실:2;발코니:1;현관:1
,APT_FP_ca2d2b4f_17446927,no_unit_with_entrance,21,
,APT_FP_f498a013_17441963,no_unit_with_entrance,28,
APT_FP_f498b8a4_17446927_u0,APT_FP_f498b8a4_17446927,missing_essential:주방,15,다목적공간:1;침실:4;드레스룸:2;기타:4;현관:1;화장실:2;거실:1
,APT_FP_d0d50a84_17441963,no_unit_with_entrance,23,
APT_FP_bf4cb28e_17446927_u2,APT_FP_bf4cb28e_17446927,missing_essential:주방,10,현관:1;거실:1;침실:3;화장실:2;드레스룸:1;발코니:1;실외기실:1
APT_FP_88d9f38c_17446927_u1,APT_FP_88d9f38c_17446927,missing_essential:주방,10,드레스룸:1;실외기실:1;거실:1;침실:3;화장실:2;현관:1;발코니:1
APT_FP_29abad72_17446927_u2,APT_FP_29abad72_17446927,missing_essential:주방,12,거실:1;침실:3;화장실:2;기타:2;발코니:1;현관:1;실외기실:1;드레스룸:1
APT_FP_98925369_17446927_u2,APT_FP_98925369_17446927,missing_essential:주방,10,드레스룸:1;실외기실:1;거실:1;화장실:2;침실:3;현관:1;발코니:1
,APT_FP_3d03af1c_17434935,no_unit_with_entrance,14,
APT_FP_a355113a_17446927_u2,APT_FP_a355113a_17446927,missing_essential:주방,10,침실:3;화장실:2;실외기실:1;거실:1;드레스룸:1;발코니:1;현관:1
APT_FP_9ac120b3_17434935_u0,APT_FP_9ac120b3_17434935,"missing_essential:거실,침실,주방,화장실",2,기타:1;현관:1
APT_FP_594b5975_17434935_u0,APT_FP_594b5975_17434935,missing_essential:주방,12,실외기실:1;드레스룸:2;화장실:2;현관:1;침실:4;거실:1;발코니:1
,APT_FP_9686514a_17446927,no_unit_with_entrance,19,
APT_FP_2d754315_17446927_u0,APT_FP_2d754315_17446927,missing_essential:주방,10,현관:1;발코니:1;화장실:2;침실:3;실외기실:1;거실:1;드레스룸:1
APT_FP_6347ecaf_17446927_u0,APT_FP_6347ecaf_17446927,missing_essential:주방,15,침실:4;기타:4;화장실:2;드레스룸:2;현관:1;거실:1;다목적공간:1
,APT_FP_497fa7e7_17446927,no_unit_with_entrance,17,
APT_FP_c543e5d9_17446927_u0,APT_FP_c543e5d9_17446927,"missing_essential:거실,침실,주방",2,화장실:1;현관:1
APT_FP_86e7e566_17446927_u1,APT_FP_86e7e566_17446927,missing_essential:주방,10,실외기실:1;드레스룸:1;화장실:2;침실:3;현관:1;발코니:1;거실:1
,APT_FP_4bf3b966_17446927,no_unit_with_entrance,20,
,APT_FP_84a0246d_17447720,no_unit_with_entrance,47,
APT_FP_293ef39f_17446927_u1,APT_FP_293ef39f_17446927,missing_essential:주방,15,드레스룸:2;기타:4;침실:4;현관:1;화장실:2;거실:1;다목적공간:1
APT_FP_2bb79777_17446927_u1,APT_FP_2bb79777_17446927,missing_essential:주방,14,기타:4;실외기실:1;현관:1;침실:2;화장실:2;거실:1;드레스룸:1;발코니:2
,APT_FP_0f49a764_17441963,no_unit_with_entrance,10,
,APT_FP_b47260e1_17446941,no_unit_with_entrance,14,
,APT_FP_36da88dc_17446927,no_unit_with_entrance,19,
APT_FP_0626b8fb_17446927_u0,APT_FP_0626b8fb_17446927,missing_essential:주방,14,기타:4;실외기실:1;거실:1;화장실:2;발코니:2;침실:2;현관:1;드레스룸:1
APT_FP_999b1b0c_17446927_u0,APT_FP_999b1b0c_17446927,"missing_essential:거실,주방",4,화장실:1;실외기실:1;현관:1;침실:1
APT_FP_e37e7412_17446927_u0,APT_FP_e37e7412_17446927,missing_essential:주방,18,침실:4;발코니:5;거실:1;실외기실:1;화장실:3;드레스룸:2;기타:1;현관:1
,APT_FP_dbbfb00a_17436388,no_unit_with_entrance,18,
,APT_FP_8ec7d423_17434935,no_unit_with_entrance,34,
APT_FP_df744e50_17438443_u1,APT_FP_df744e50_17438443,missing_essential:주방,13,드레스룸:2;기타:1;현관:1;발코니:2;침실:3;화장실:2;실외기실:1;거실:1
,APT_FP_8439362b_17438514,no_unit_with_entrance,20,
APT_FP_a3410c3d_17438514_u0,APT_FP_a3410c3d_17438514,missing_essential:주방,7,현관:1;화장실:2;침실:2;발코니:1;거실:1
,APT_FP_2a73f509_17434935,no_unit_with_entrance,18,
,APT_FP_dd576093_17441963,no_unit_with_entrance,26,
APT_FP_0fb1b907_17446927_u3,APT_FP_0fb1b907_17446927,missing_essential:주방,12,침실:3;실외기실:1;거실:1;기타:2;발코니:1;화장실:2;드레스룸:1;현관:1
APT_FP_adcb3213_17446927_u2,APT_FP_adcb3213_17446927,missing_essential:주방,10,침실:3;드레스룸:1;화장실:2;거실:1;실외기실:1;현관:1;발코니:1
APT_FP_ffb84618_17446927_u3,APT_FP_ffb84618_17446927,missing_essential:주방,12,거실:1;기타:2;발코니:1;화장실:2;드레스룸:1;실외기실:1;침실:3;현관:1
APT_FP_cefb364d_17434935_u0,APT_FP_cefb364d_17434935,"missing_essential:거실,주방",7,발코니:1;화장실:2;침실:1;현관:1;실외기실:1;기타:1
,APT_FP_23e24f8c_17434935,no_unit_with_entrance,15,
APT_FP_bb3a91ed_17446927_u2,APT_FP_bb3a91ed_17446927,missing_essential:주방,12,실외기실:1;거실:1;기타:2;발코니:1;화장실:2;드레스룸:1;침실:3;현관:1
APT_FP_b397e0f7_17446927_u2,APT_FP_b397e0f7_17446927,missing_essential:주방,12,화장실:2;발코니:1;기타:2;거실:1;실외기실:1;침실:3;드레스룸:1;현관:1
APT_FP_5b8b6bf3_17438443_u1,APT_FP_5b8b6bf3_17438443,missing_essential:화장실,8,현관:1;기타:1;침실:2;발코니:2;주방:1;거실:1
APT_FP_00b9bbcd_17446927_u1,APT_FP_00b9bbcd_17446927,missing_essential:주방,10,발코니:1;침실:3;실외기실:1;현관:1;화장실:2;거실:1;드레스룸:1
APT_FP_e3abeda2_17434935_u0,APT_FP_e3abeda2_17434935,missing_essential:주방,11,침실:3;거실:1;현관:1;발코니:1;화장실:1;기타:2;실외기실:1;드레스룸:1
APT_FP_44a9bbdc_17446927_u3,APT_FP_44a9bbdc_17446927,missing_essential:주방,12,실외기실:1;거실:1;기타:2;발코니:1;화장실:2;드레스룸:1;침실:3;현관:1
,APT_FP_46a6bb7a_17441963,no_unit_with_entrance,17,
APT_FP_802be8af_17446927_u0,APT_FP_802be8af_17446927,"missing_essential:거실,침실,주방,화장실",3,현관:1;발코니:1;기타:1
APT_FP_75690907_17446927_u0,APT_FP_75690907_17446927,missing_essential:주방,10,드레스룸:1;현관:1;실외기실:1;발코니:1;거실:1;침실:3;화장실:2
APT_FP_4c06a5af_17446927_u1,APT_FP_4c06a5af_17446927,missing_essential:주방,12,현관:1;실외기실:1;거실:1;기타:2;발코니:1;화장실:2;드레스룸:1;침실:3
APT_FP_4c06a5af_17446927_u2,APT_FP_4c06a5af_17446927,missing_essential:주방,12,드레스룸:1;화장실:2;발코니:1;기타:2;거실:1;실외기실:1;침실:3;현관:1
APT_FP_9a5833da_17446927_u3,APT_FP_9a5833da_17446927,missing_essential:주방,10,화장실:2;거실:1;드레스룸:1;현관:1;실외기실:1;침실:3;발코니:1
APT_FP_9b15ea84_17446927_u0,APT_FP_9b15ea84_17446927,"missing_essential:거실,침실,주방,화장실",3,기타:2;현관:1
APT_FP_21dc1cdc_17446927_u0,APT_FP_21dc1cdc_17446927,"missing_essential:거실,침실,주방,화장실",2,기타:1;현관:1
,APT_FP_d54c9d4b_17434935,no_unit_with_entrance,13,
APT_FP_9749d985_17446927_u1,APT_FP_9749d985_17446927,"missing_essential:거실,침실,주방,화장실",2,기타:1;현관:1
APT_FP_1934c91c_17446927_u0,APT_FP_1934c91c_17446927,missing_essential:주방,15,기타:4;화장실:2;침실:4;드레스룸:2;현관:1;거실:1;다목적공간:1
APT_FP_b5e6cc77_17446927_u0,APT_FP_b5e6cc77_17446927,"missing_essential:거실,침실,주방,화장실",2,현관:1;기타:1
,APT_FP_636af347_17434935,no_unit_with_entrance,15,
,APT_FP_15a52d7d_17446927,no_unit_with_entrance,41,
APT_FP_c7cb93e7_17441963_u0,APT_FP_c7cb93e7_17441963,"missing_essential:거실,주방,화장실",2,침실:1;현관:1
APT_FP_cefe048d_17438443_u0,APT_FP_cefe048d_17438443,missing_essential:주방,11,침실:3;화장실:2;현관:1;실외기실:1;드레스룸:2;기타:1;거실:1
APT_FP_0490047c_17446927_u0,APT_FP_0490047c_17446927,missing_essential:주방,12,침실:3;기타:2;발코니:1;화장실:2;드레스룸:1;현관:1;실외기실:1;거실:1
APT_FP_0490047c_17446927_u3,APT_FP_0490047c_17446927,missing_essential:주방,10,드레스룸:1;실외기실:1;화장실:2;거실:1;침실:3;현관:1;발코니:1
APT_FP_eec57783_17434935_u0,APT_FP_eec57783_17434935,missing_essential:주방,10,화장실:2;발코니:2;기타:1;현관:1;침실:2;드레스룸:1;거실:1
,APT_FP_7c60e524_17434935,no_unit_with_entrance,11,
APT_FP_94434b20_17446927_u0,APT_FP_94434b20_17446927,missing_essential:주방,10,드레스룸:1;실외기실:1;거실:1;화장실:2;침실:3;현관:1;발코니:1
APT_FP_9b253ab6_17434935_u0,APT_FP_9b253ab6_17434935,"missing_essential:거실,침실,주방,화장실",2,현관:1;기타:1
APT_FP_2e8bbf40_17434935_u0,APT_FP_2e8bbf40_17434935,missing_essential:거실,14,발코니:2;침실:2;기타:4;화장실:2;주방:2;현관:2
APT_FP_9008081d_17446927_u1,APT_FP_9008081d_17446927,missing_essential:주방,12,현관:1;침실:3;실외기실:1;거실:1;기타:2;발코니:1;화장실:2;드레스룸:1
APT_FP_58603fdf_17434935_u0,APT_FP_58603fdf_17434935,missing_essential:주방,6,발코니:1;현관:1;침실:1;화장실:1;거실:1;실외기실:1
APT_FP_9880b261_17438514_u0,APT_FP_9880b261_17438514,missing_essential:주방,6,화장실:2;침실:2;현관:1;거실:1
APT_FP_b3f29ab2_17446941_u1,APT_FP_b3f29ab2_17446941,missing_essential:주방,18,발코니:5;현관:1;침실:4;화장실:3;기타:1;실외기실:1;거실:1;드레스룸:2
APT_FP_5c3bb58e_17434935_u0,APT_FP_5c3bb58e_17434935,missing_essential:주방,10,현관:1;침실:2;발코니:1;실외기실:1;드레스룸:2;화장실:2;거실:1
APT_FP_9c6c5218_17446927_u1,APT_FP_9c6c5218_17446927,missing_essential:주방,10,실외기실:1;거실:1;화장실:2;드레스룸:1;침실:3;현관:1;발코니:1
APT_FP_9c6c5218_17446927_u3,APT_FP_9c6c5218_17446927,missing_essential:주방,12,발코니:1;화장실:2;드레스룸:1;침실:3;기타:2;현관:1;실외기실:1;거실:1
APT_FP_12f2f05c_17447720_u1,APT_FP_12f2f05c_17447720,missing_essential:거실,14,기타:2;침실:3;발코니:3;화장실:2;주방:1;실외기실:1;현관:1;드레스룸:1
,APT_FP_b7091902_17434935,no_unit_with_entrance,34,
APT_FP_b19afda6_17446927_u2,APT_FP_b19afda6_17446927,missing_essential:주방,12,발코니:1;실외기실:1;침실:3;현관:1;화장실:2;거실:1;기타:2;드레스룸:1
APT_FP_c78598ae_17434935_u0,APT_FP_c78598ae_17434935,"missing_essential:거실,침실,주방,화장실",2,기타:1;현관:1
,APT_FP_66c950cc_17434935,no_unit_with_entrance,18,
APT_FP_7d4da0f5_17446927_u1,APT_FP_7d4da0f5_17446927,missing_essential:주방,10,드레스룸:1;침실:3;거실:1;현관:1;화장실:2;발코니:1;실외기실:1
APT_FP_48d709c4_17446927_u0,APT_FP_48d709c4_17446927,"missing_essential:거실,침실,주방,화장실",2,기타:1;현관:1
APT_FP_1fbd123c_17446927_u0,APT_FP_1fbd123c_17446927,"missing_essential:거실,침실,주방,화장실",2,기타:1;현관:1
APT_FP_73786739_17446927_u1,APT_FP_73786739_17446927,missing_essential:주방,15,기타:4;화장실:2;침실:4;드레스룸:2;현관:1;거실:1;다목적공간:1
APT_FP_7a8f0928_17446927_u2,APT_FP_7a8f0928_17446927,missing_essential:주방,10,거실:1;실외기실:1;드레스룸:1;현관:1;발코니:1;화장실:2;침실:3
APT_FP_7a8f0928_17446927_u3,APT_FP_7a8f0928_17446927,missing_essential:주방,12,침실:3;현관:1;실외기실:1;거실:1;기타:2;발코니:1;화장실:2;드레스룸:1
APT_FP_ef3e71c0_17446927_u2,APT_FP_ef3e71c0_17446927,missing_essential:주방,10,드레스룸:1;실외기실:1;거실:1;화장실:2;침실:3;현관:1;발코니:1
,APT_FP_ee0a6a30_17441963,no_unit_with_entrance,18,
,APT_FP_4f45e32a_17441963,no_unit_with_entrance,24,
APT_FP_5a00d433_17446927_u0,APT_FP_5a00d433_17446927,"missing_essential:거실,침실,주방,화장실",2,현관:1;기타:1
APT_FP_946fd900_17446927_u0,APT_FP_946fd900_17446927,missing_essential:주방,10,침실:3;발코니:1;실외기실:1;현관:1;화장실:2;거실:1;드레스룸:1
APT_FP_95394374_17446927_u0,APT_FP_95394374_17446927,missing_essential:주방,11,기타:3;침실:2;화장실:2;현관:1;드레스룸:1;발코니:1;거실:1
APT_FP_2610b5e4_17446927_u3,APT_FP_2610b5e4_17446927,missing_essential:주방,12,거실:1;기타:2;발코니:1;화장실:2;드레스룸:1;실외기실:1;침실:3;현관:1
APT_FP_143d7ab0_17441963_u0,APT_FP_143d7ab0_17441963,missing_essential:주방,11,침실:4;화장실:2;발코니:2;현관:1;거실:1;드레스룸:1
APT_FP_d3660430_17441963_u0,APT_FP_d3660430_17441963,missing_essential:거실,11,화장실:2;기타:1;발코니:2;침실:3;다목적공간:1;현관:1;주방:1
APT_FP_9a5773f9_17438514_u0,APT_FP_9a5773f9_17438514,missing_essential:주방,11,침실:3;드레스룸:2;화장실:2;거실:1;기타:2;현관:1
APT_FP_59381cb3_17446927_u0,APT_FP_59381cb3_17446927,"missing_essential:거실,침실,주방,화장실",2,기타:1;현관:1
APT_FP_b00e74e1_17434935_u3,APT_FP_b00e74e1_17434935,missing_essential:주방,14,침실:3;실외기실:1;기타:1;드레스룸:2;화장실:2;발코니:3;현관:1;거실:1
APT_FP_0f427c6d_17434935_u0,APT_FP_0f427c6d_17434935,missing_essential:주방,14,발코니:3;기타:1;화장실:2;거실:1;드레스룸:2;침실:3;현관:1;실외기실:1
APT_FP_21e33e28_17434935_u1,APT_FP_21e33e28_17434935,missing_essential:주방,16,거실:1;기타:3;드레스룸:2;침실:3;화장실:2;발코니:3;실외기실:1;현관:1
,APT_FP_ccf0b48c_17434935,no_unit_with_entrance,20,
APT_FP_f9e7427d_17446927_u0,APT_FP_f9e7427d_17446927,missing_essential:주방,10,화장실:2;침실:3;현관:1;발코니:1;실외기실:1;거실:1;드레스룸:1
APT_FP_6c6073cc_17446927_u2,APT_FP_6c6073cc_17446927,missing_essential:주방,12,화장실:2;발코니:1;기타:2;거실:1;실외기실:1;침실:3;드레스룸:1;현관:1
APT_FP_42694f82_17446927_u2,APT_FP_42694f82_17446927,missing_essential:주방,10,발코니:1;화장실:2;침실:3;거실:1;실외기실:1;드레스룸:1;현관:1
APT_FP_fb2f06c9_17446927_u0,APT_FP_fb2f06c9_17446927,"missing_essential:거실,침실,주방,화장실",2,기타:1;현관:1
APT_FP_0d39391b_17446927_u2,APT_FP_0d39391b_17446927,missing_essential:주방,10,드레스룸:1;실외기실:1;거실:1;화장실:2;침실:3;현관:1;발코니:1
APT_FP_3fe96b7e_17446927_u1,APT_FP_3fe96b7e_17446927,missing_essential:주방,10,실외기실:1;거실:1;드레스룸:1;화장실:2;침실:3;현관:1;발코니:1
APT_FP_3fe96b7e_17446927_u3,APT_FP_3fe96b7e_17446927,missing_essential:주방,10,침실:3;드레스룸:1;실외기실:1;거실:1;화장실:2;현관:1;발코니:1
APT_FP_07c924f6_17446927_u0,APT_FP_07c924f6_17446927,missing_essential:주방,12,기타:2;발코니:1;화장실:2;드레스룸:1;침실:3;현관:1;실외기실:1;거실:1
,APT_FP_f41f65af_17441963,no_unit_with_entrance,17,
APT_FP_cbbe4d9f_17446927_u1,APT_FP_cbbe4d9f_17446927,missing_essential:주방,10,침실:3;현관:1;화장실:2;거실:1;실외기실:1;발코니:1;드레스룸:1
APT_FP_4ddb2414_17446927_u0,APT_FP_4ddb2414_17446927,missing_essential:주방,12,드레스룸:1;침실:3;기타:2;실외기실:1;거실:1;발코니:1;화장실:2;현관:1
,APT_FP_52bc202c_17441963,no_unit_with_entrance,18,
,APT_FP_1bab9bc8_17434935,no_unit_with_entrance,16,
,APT_FP_d2906435_17434935,no_unit_with_entrance,17,
APT_FP_27834c64_17434935_u0,APT_FP_27834c64_17434935,missing_essential:주방,16,발코니:3;기타:3;침실:3;드레스룸:2;현관:1;거실:1;실외기실:1;화장실:2
APT_FP_0ec20802_17434935_u0,APT_FP_0ec20802_17434935,"missing_essential:거실,침실,주방,화장실",2,현관:1;기타:1
APT_FP_9bba57db_17446927_u0,APT_FP_9bba57db_17446927,"missing_essential:거실,침실,주방,화장실",2,현관:1;기타:1
,APT_FP_5ad079b0_17446927,no_unit_with_entrance,29,
APT_FP_e2011f94_17446927_u0,APT_FP_e2011f94_17446927,"missing_essential:거실,침실,주방",3,현관:1;기타:1;화장실:1
APT_FP_bf36b6d7_17446927_u0,APT_FP_bf36b6d7_17446927,missing_essential:주방,17,발코니:3;거실:1;침실:3;기타:4;화장실:2;드레스룸:1;실외기실:2;현관:1
APT_FP_d49dd224_17446927_u3,APT_FP_d49dd224_17446927,missing_essential:주방,12,실외기실:1;거실:1;기타:2;발코니:1;화장실:2;드레스룸:1;침실:3;현관:1
,DEH_FP_f4c0d010_17442034,no_unit_with_entrance,7,
,DEH_FP_4607bce5_17442034,no_unit_with_entrance,4,
,DEH_FP_31da5402_17442034,no_unit_with_entrance,9,
,DEH_FP_751a4891_17441963,no_unit_with_entrance,13,
DEH_FP_737473f7_17442034_u0,DEH_FP_737473f7_17442034,"missing_essential:거실,침실,주방",2,화장실:1;현관:1
,DEH_FP_cd0e0ff9_17442034,no_unit_with_entrance,6,
,DEH_FP_2408a6ff_17446927,too_few_rooms,1,
,DEH_FP_50bafce0_17442034,no_unit_with_entrance,11,
,DEH_FP_2ba9980e_17442034,no_unit_with_entrance,21,
DEH_FP_995d3d14_17445033_u0,DEH_FP_995d3d14_17445033,missing_essential:침실,7,거실:1;기타:2;다목적공간:1;주방:1;화장실:1;현관:1
DEH_FP_a8f1e5bc_17441963_u0,DEH_FP_a8f1e5bc_17441963,missing_essential:침실,10,기타:5;현관:1;주방:1;화장실:1;다목적공간:1;거실:1
DEH_FP_a3caab88_17442034_u0,DEH_FP_a3caab88_17442034,"missing_essential:거실,침실,주방,화장실",2,현관:2
DEH_FP_290640ec_17442034_u0,DEH_FP_290640ec_17442034,missing_essential:주방,7,거실:1;기타:1;침실:3;현관:1;화장실:1
DEH_FP_e7f8cbf9_17441963_u1,DEH_FP_e7f8cbf9_17441963,missing_essential:주방,11,침실:3;발코니:1;드레스룸:1;화장실:2;거실:1;기타:2;현관:1
DEH_FP_043b7c1e_17442034_u0,DEH_FP_043b7c1e_17442034,"missing_essential:주방,화장실",4,침실:2;현관:1;거실:1
DEH_FP_34196629_17441963_u0,DEH_FP_34196629_17441963,missing_essential:침실,6,거실:1;주방:3;화장실:1;현관:1
,DEH_FP_33e03ccc_17442034,no_unit_with_entrance,9,
,DEH_FP_80222d6c_17442034,no_unit_with_entrance,31,
,DEH_FP_d764bf99_17441963,no_unit_with_entrance,7,
DEH_FP_90eda332_17442034_u0,DEH_FP_90eda332_17442034,missing_essential:주방,13,발코니:5;기타:1;침실:4;거실:1;화장실:1;현관:1
,DEH_FP_49e9396d_17442034,no_unit_with_entrance,12,
,DEH_FP_e64523c8_17442034,no_unit_with_entrance,3,
,DEH_FP_c3686daf_17441963,no_unit_with_entrance,10,
,DEH_FP_ffaeb632_17434935,no_unit_with_entrance,2,
DEH_FP_c89aed2f_17441963_u1,DEH_FP_c89aed2f_17441963,"missing_essential:거실,주방",12,기타:6;화장실:3;드레스룸:1;침실:1;현관:1
,DEH_FP_e1b0ee0a_17442034,no_unit_with_entrance,15,
DEH_FP_f060f237_17442034_u0,DEH_FP_f060f237_17442034,"missing_essential:거실,침실,주방,화장실",2,현관:2
DEH_FP_04d2fc39_17445033_u0,DEH_FP_04d2fc39_17445033,"missing_essential:거실,주방,화장실",2,현관:1;침실:1
,DEH_FP_248dce79_17442034,no_unit_with_entrance,12,
,DEH_FP_760eccfe_17446927,no_unit_with_entrance,3,
DEH_FP_06c0e1c6_17442034_u0,DEH_FP_06c0e1c6_17442034,"missing_essential:거실,침실,주방",3,기타:1;화장실:1;현관:1
,DEH_FP_12bdb0a2_17442034,no_unit_with_entrance,9,
,DEH_FP_25670f87_17442034,no_unit_with_entrance,21,
,DEH_FP_c2e150a5_17442034,no_unit_with_entrance,21,
,DEH_FP_cef30f28_17441963,no_unit_with_entrance,10,
,DEH_FP_0401ed28_17442034,no_unit_with_entrance,3,
DEH_FP_d103179d_17445033_u0,DEH_FP_d103179d_17445033,missing_essential:침실,7,다목적공간:1;기타:2;주방:1;화장실:1;현관:1;거실:1
DEH_FP_2fc1d57c_17441963_u0,DEH_FP_2fc1d57c_17441963,missing_essential:주방,7,거실:1;현관:1;침실:1;기타:1;화장실:3
,DEH_FP_2b02fd37_17434935,no_unit_with_entrance,2,
,DEH_FP_b1458cd0_17446927,no_unit_with_entrance,2,
DEH_FP_9bcefaa9_17441963_u0,DEH_FP_9bcefaa9_17441963,missing_essential:주방,5,현관:1;화장실:2;침실:1;거실:1
DEH_FP_27f2daee_17441963_u0,DEH_FP_27f2daee_17441963,missing_essential:주방,6,침실:2;현관:1;화장실:1;거실:1;기타:1
DEH_FP_a7790395_17441963_u0,DEH_FP_a7790395_17441963,missing_essential:주방,7,드레스룸:1;화장실:2;기타:1;거실:1;현관:1;침실:1
DEH_FP_c4ca4623_17441963_u0,DEH_FP_c4ca4623_17441963,missing_essential:침실,6,화장실:1;거실:1;현관:1;다목적공간:1;주방:1;기타:1
,DEH_FP_92edad83_17442034,no_unit_with_entrance,9,
DEH_FP_1cadbf79_17442034_u0,DEH_FP_1cadbf79_17442034,"missing_essential:거실,침실,주방,화장실",2,기타:1;현관:1
DEH_FP_6af3a372_17442034_u0,DEH_FP_6af3a372_17442034,"missing_essential:거실,침실,주방,화장실",3,현관:2;기타:1
,DEH_FP_399c3443_17442034,no_unit_with_entrance,5,
,DEH_FP_c319a820_17442034,no_unit_with_entrance,13,
DEH_FP_11f7cad0_17442034_u0,DEH_FP_11f7cad0_17442034,"missing_essential:거실,침실,주방,화장실",2,현관:1;기타:1
DEH_FP_54b14f75_17442034_u0,DEH_FP_54b14f75_17442034,missing_essential:주방,4,거실:1;화장실:1;침실:1;현관:1
DEH_FP_e5d28771_17442034_u0,DEH_FP_e5d28771_17442034,missing_essential:주방,6,화장실:2;거실:1;기타:1;현관:1;침실:1
DEH_FP_b077eb74_17445033_u1,DEH_FP_b077eb74_17445033,"missing_essential:거실,주방,화장실",2,침실:1;현관:1
DEH_FP_7dda2268_17441963_u0,DEH_FP_7dda2268_17441963,missing_essential:주방,6,현관:1;화장실:1;기타:2;침실:1;거실:1
,DEH_FP_bedc7c61_17441963,no_unit_with_entrance,18,
,DEH_FP_0660be67_17442034,no_unit_with_entrance,23,
DEH_FP_1e967534_17442034_u0,DEH_FP_1e967534_17442034,missing_essential:주방,11,기타:2;침실:3;발코니:2;화장실:2;거실:1;현관:1
DEH_FP_453c7b6e_17445033_u0,DEH_FP_453c7b6e_17445033,missing_essential:침실,7,화장실:1;주방:3;기타:1;현관:1;거실:1
DEH_FP_f4e731a4_17441963_u0,DEH_FP_f4e731a4_17441963,missing_essential:주방,9,현관:1;침실:1;화장실:2;기타:3;드레스룸:1;거실:1
,DEH_FP_f831f3f8_17442034,no_unit_with_entrance,19,
,DEH_FP_044e5324_17442034,no_unit_with_entrance,19,
DEH_FP_c79d13ec_17441963_u0,DEH_FP_c79d13ec_17441963,missing_essential:침실,7,화장실:1;기타:2;다목적공간:1;거실:1;주방:1;현관:1
,DEH_FP_feab84cd_17441963,no_unit_with_entrance,10,
,DEH_FP_11aa291e_17442034,no_unit_with_entrance,18,
DEH_FP_eb65dec8_17445033_u0,DEH_FP_eb65dec8_17445033,"missing_essential:거실,침실,주방,화장실",5,다목적공간:1;기타:3;현관:1
DEH_FP_750da664_17441963_u0,DEH_FP_750da664_17441963,missing_essential:주방,7,화장실:3;현관:1;기타:1;침실:1;거실:1
,DEH_FP_32825bec_17442034,no_unit_with_entrance,11,
,DEH_FP_a56fc966_17441963,no_unit_with_entrance,7,
,DEH_FP_53e2ff4a_17442034,no_unit_with_entrance,20,
DEH_FP_989521d3_17442034_u0,DEH_FP_989521d3_17442034,missing_essential:주방,6,화장실:1;침실:1;발코니:2;현관:1;거실:1
DEH_FP_f1c9a88f_17445033_u0,DEH_FP_f1c9a88f_17445033,"missing_essential:거실,침실,주방,화장실",5,현관:1;기타:3;다목적공간:1
,DEH_FP_5b2a88dc_17442034,no_unit_with_entrance,5,
DEH_FP_8df79e07_17441963_u0,DEH_FP_8df79e07_17441963,missing_essential:주방,6,드레스룸:1;거실:1;침실:1;현관:1;화장실:2
DEH_FP_54daafa0_17442034_u0,DEH_FP_54daafa0_17442034,missing_essential:주방,11,발코니:3;침실:3;화장실:2;기타:1;현관:1;거실:1
,DEH_FP_5955766f_17442034,no_unit_with_entrance,4,
,DEH_FP_43ee818e_17442034,no_unit_with_entrance,9,
DEH_FP_526b23ad_17442034_u0,DEH_FP_526b23ad_17442034,"missing_essential:거실,침실,주방,화장실",2,현관:1;기타:1
DEH_FP_daaac2cb_17442034_u0,DEH_FP_daaac2cb_17442034,missing_essential:주방,11,다목적공간:1;거실:1;침실:3;현관:2;드레스룸:3;화장실:1
,ROW_FP_ad735749_17442034,no_unit_with_entrance,11,
,ROW_FP_506e181d_17442034,no_unit_with_entrance,6,
ROW_FP_0571dc51_17442034_u0,ROW_FP_0571dc51_17442034,"missing_essential:거실,주방,화장실",2,침실:1;현관:1
ROW_FP_0571dc51_17442034_u1,ROW_FP_0571dc51_17442034,"missing_essential:거실,주방,화장실",2,침실:1;현관:1
,ROW_FP_c7d4affa_17442034,no_unit_with_entrance,17,
ROW_FP_7154809c_17441977_u0,ROW_FP_7154809c_17441977,missing_essential:거실,7,기타:2;현관:2;주방:1;화장실:1;침실:1
,ROW_FP_a25dd6b7_17442034,no_unit_with_entrance,21,
ROW_FP_37aec9b1_17442034_u0,ROW_FP_37aec9b1_17442034,missing_essential:주방,9,다목적공간:1;실외기실:1;현관:1;발코니:2;침실:2;거실:1;화장실:1
,ROW_FP_e85cab2f_17441963,no_unit_with_entrance,5,
,ROW_FP_3e1bc8c4_17442034,no_unit_with_entrance,19,
,ROW_FP_a81826fd_17442034,no_unit_with_entrance,13,
,ROW_FP_aaed230f_17441963,no_unit_with_entrance,12,
,ROW_FP_4f585137_17442034,no_unit_with_entrance,19,
,ROW_FP_00dc2fc3_17442034,no_unit_with_entrance,17,
,ROW_FP_a6c5723f_17442034,no_unit_with_entrance,19,
,ROW_FP_c79e0275_17441963,no_unit_with_entrance,11,
,ROW_FP_622e69e7_17442034,no_unit_with_entrance,6,
ROW_FP_7566d032_17441963_u1,ROW_FP_7566d032_17441963,missing_essential:주방,6,거실:1;기타:2;화장실:1;현관:1;침실:1
,ROW_FP_d7a0e38d_17442034,no_unit_with_entrance,22,
ROW_FP_0617e779_17441963_u0,ROW_FP_0617e779_17441963,"missing_essential:거실,침실,주방,화장실",7,기타:6;현관:1
,ROW_FP_2bad3280_17442034,no_unit_with_entrance,6,
ROW_FP_c2a34a1a_17442034_u0,ROW_FP_c2a34a1a_17442034,missing_essential:거실,32,발코니:8;주방:4;침실:8;화장실:4;기타:4;현관:4
ROW_FP_5309996a_17441963_u0,ROW_FP_5309996a_17441963,missing_essential:주방,7,거실:1;화장실:2;현관:1;침실:2;기타:1
,ROW_FP_3620c83d_17442034,no_unit_with_entrance,10,
,ROW_FP_82727655_17441963,no_unit_with_entrance,2,
,ROW_FP_1a7dd27e_17442034,no_unit_with_entrance,7,
ROW_FP_e9c2cd70_17442034_u0,ROW_FP_e9c2cd70_17442034,"missing_essential:거실,주방",5,기타:1;화장실:1;현관:1;발코니:1;침실:1
ROW_FP_def4bd45_17441963_u0,ROW_FP_def4bd45_17441963,missing_essential:거실,5,기타:1;침실:1;화장실:1;주방:1;현관:1
ROW_FP_09731f47_17441963_u0,ROW_FP_09731f47_17441963,"missing_essential:거실,침실,주방",4,기타:2;화장실:1;현관:1
,ROW_FP_0d69b849_17441963,no_unit_with_entrance,12,
ROW_FP_0022e931_17442034_u0,ROW_FP_0022e931_17442034,"missing_essential:거실,침실,주방,화장실",2,현관:1;기타:1
,ROW_FP_4de88988_17441963,no_unit_with_entrance,17,
,ROW_FP_184bc946_17442034,no_unit_with_entrance,18,
,ROW_FP_81f75915_17441963,no_unit_with_entrance,8,
,ROW_FP_9a51fd70_17441963,no_unit_with_entrance,6,
,ROW_FP_b458edbb_17442034,no_unit_with_entrance,9,
ROW_FP_fbc92ba9_17441963_u0,ROW_FP_fbc92ba9_17441963,missing_essential:침실,6,화장실:1;다목적공간:1;현관:1;거실:1;기타:1;주방:1
,ROW_FP_eb6058f5_17442034,no_unit_with_entrance,19,
ROW_FP_81c220c4_17442034_u0,ROW_FP_81c220c4_17442034,missing_essential:주방,7,다목적공간:1;침실:2;기타:1;화장실:1;거실:1;현관:1
ROW_FP_8fe97eb1_17441977_u0,ROW_FP_8fe97eb1_17441977,"missing_essential:거실,주방",5,현관:1;드레스룸:1;화장실:1;침실:1;발코니:1
,ROW_FP_e588965e_17442034,no_unit_with_entrance,6,
,ROW_FP_9c271451_17442034,no_unit_with_entrance,12,
,ROW_FP_8a0ba874_17441963,no_unit_with_entrance,8,
,ROW_FP_a0c558dc_17441963,no_unit_with_entrance,8,
,ROW_FP_4ec2e5e0_17441963,no_unit_with_entrance,4,
,ROW_FP_bf5f4a07_17442034,no_unit_with_entrance,5,
,ROW_FP_7d0c4058_17442034,no_unit_with_entrance,6,
,ROW_FP_648e2633_17441963,no_unit_with_entrance,14,
,ROW_FP_2ca50d61_17442034,no_unit_with_entrance,12,
,ROW_FP_69cb9cd8_17442034,no_unit_with_entrance,20,
,ROW_FP_37c35733_17441963,no_unit_with_entrance,23,
,ROW_FP_496557df_17441963,no_unit_with_entrance,21,
,ROW_FP_0922ea88_17442034,no_unit_with_entrance,14,
ROW_FP_99848b96_17442034_u0,ROW_FP_99848b96_17442034,"missing_essential:거실,침실,주방,화장실",2,기타:1;현관:1
APT_FP_66e0209b_17434935_u0,APT_FP_66e0209b_17434935,"missing_essential:거실,침실,주방",2,현관:1;화장실:1
APT_FP_01b0ac40_17446941_u1,APT_FP_01b0ac40_17446941,missing_essential:주방,14,기타:2;실외기실:1;현관:1;다목적공간:1;침실:4;화장실:2;발코니:1;드레스룸:1;거실:1
,APT_FP_dc34cc79_17446927,no_unit_with_entrance,42,
,APT_FP_fdee9c2a_17441963,no_unit_with_entrance,19,
APT_FP_d188ad01_17446941_u1,APT_FP_d188ad01_17446941,missing_essential:주방,12,침실:3;현관:1;실외기실:1;거실:1;기타:2;발코니:1;화장실:2;드레스룸:1
,APT_FP_7adbf473_17434935,no_unit_with_entrance,16,
,APT_FP_502944c2_17441963,no_unit_with_entrance,15,
APT_FP_3aa4028c_17434935_u0,APT_FP_3aa4028c_17434935,"missing_essential:거실,침실",6,주방:1;기타:2;발코니:1;현관:1;화장실:1
APT_FP_6a6919b8_17446941_u2,APT_FP_6a6919b8_17446941,missing_essential:주방,12,기타:2;침실:3;현관:1;실외기실:1;거실:1;발코니:1;화장실:2;드레스룸:1
,APT_FP_bfd26584_17446941,no_unit_with_entrance,17,
,APT_FP_bdf6e91a_17434935,no_unit_with_entrance,18,
APT_FP_ec8abbfc_17434935_u0,APT_FP_ec8abbfc_17434935,"missing_essential:거실,침실",6,화장실:1;기타:2;현관:1;발코니:1;주방:1
APT_FP_6c4c585e_17446927_u1,APT_FP_6c4c585e_17446927,"missing_essential:거실,침실,주방,화장실",3,현관:1;기타:2
APT_FP_280e858f_17446927_u2,APT_FP_280e858f_17446927,missing_essential:주방,10,거실:1;침실:3;화장실:2;발코니:1;현관:1;드레스룸:1;실외기실:1
,APT_FP_085bb706_17434935,no_unit_with_entrance,25,
APT_FP_c01298c8_17441963_u0,APT_FP_c01298c8_17441963,missing_essential:주방,13,침실:3;현관:1;화장실:2;기타:1;발코니:4;거실:1;드레스룸:1
,APT_FP_1bd4ea42_17446927,no_unit_with_entrance,41,
APT_FP_8d3e4eed_17441963_u0,APT_FP_8d3e4eed_17441963,missing_essential:주방,14,거실:1;발코니:3;침실:5;다목적공간:1;화장실:2;드레스룸:1;현관:1
APT_FP_92be7140_17446927_u1,APT_FP_92be7140_17446927,missing_essential:주방,14,기타:2;실외기실:1;현관:1;다목적공간:1;침실:4;화장실:2;발코니:1;드레스룸:1;거실:1
APT_FP_9d8f772a_17446927_u2,APT_FP_9d8f772a_17446927,missing_essential:주방,12,현관:1;실외기실:1;거실:1;기타:2;발코니:1;화장실:2;드레스룸:1;침실:3
APT_FP_d2f22d7a_17434935_u3,APT_FP_d2f22d7a_17434935,missing_essential:주방,14,기타:1;발코니:3;화장실:2;드레스룸:2;거실:1;침실:3;실외기실:1;현관:1
,APT_FP_23099a2a_17441963,no_unit_with_entrance,16,
APT_FP_c910f47f_17446927_u1,APT_FP_c910f47f_17446927,missing_essential:주방,14,침실:4;화장실:2;기타:2;발코니:1;드레스룸:1;거실:1;다목적공간:1;현관:1;실외기실:1
APT_FP_78d6d63a_17434935_u0,APT_FP_78d6d63a_17434935,missing_essential:주방,8,화장실:1;침실:2;현관:1;발코니:1;기타:2;거실:1
APT_FP_284bfb30_17446927_u0,APT_FP_284bfb30_17446927,missing_essential:주방,10,침실:3;드레스룸:1;실외기실:1;거실:1;화장실:2;현관:1;발코니:1
,APT_FP_9004bce1_17434935,no_unit_with_entrance,17,
APT_FP_a72fd5e6_17434935_u0,APT_FP_a72fd5e6_17434935,"missing_essential:거실,침실,주방,화장실",2,현관:1;기타:1
APT_FP_4c1161a2_17441963_u0,APT_FP_4c1161a2_17441963,"missing_essential:거실,주방",7,발코니:2;화장실:1;현관:1;기타:1;침실:2
,APT_FP_0500ff80_17434935,no_unit_with_entrance,19,
APT_FP_d0b77d63_17446927_u0,APT_FP_d0b77d63_17446927,missing_essential:주방,13,현관:1;드레스룸:1;거실:1;침실:3;실외기실:1;기타:3;화장실:2;발코니:1
APT_FP_d0b77d63_17446927_u1,APT_FP_d0b77d63_17446927,missing_essential:주방,14,실외기실:1;기타:4;화장실:2;침실:3;현관:1;거실:1;발코니:1;드레스룸:1
APT_FP_0df20c01_17434935_u0,APT_FP_0df20c01_17434935,missing_essential:주방,15,침실:4;기타:5;발코니:2;거실:1;화장실:2;현관:1
APT_FP_91e67abe_17434935_u0,APT_FP_91e67abe_17434935,"missing_essential:거실,침실,주방,화장실",2,현관:1;기타:1
APT_FP_2e2db900_17434935_u0,APT_FP_2e2db900_17434935,"missing_essential:거실,침실,주방,화장실",2,기타:1;현관:1
,APT_FP_4be16eff_17434935,no_unit_with_entrance,11,
APT_FP_b6c90fa2_17446927_u0,APT_FP_b6c90fa2_17446927,missing_essential:주방,18,침실:4;드레스룸:2;발코니:5;거실:1;현관:1;화장실:3;기타:1;실외기실:1
APT_FP_b6c90fa2_17446927_u1,APT_FP_b6c90fa2_17446927,missing_essential:주방,14,기타:4;거실:1;드레스룸:1;현관:1;침실:2;화장실:2;발코니:2;실외기실:1
APT_FP_04a94cad_17446941_u0,APT_FP_04a94cad_17446941,missing_essential:주방,14,침실:4;기타:3;현관:1;거실:1;드레스룸:2;화장실:2;다목적공간:1
,APT_FP_a28197a1_17434935,no_unit_with_entrance,17,
APT_FP_d36b6f3f_17446941_u1,APT_FP_d36b6f3f_17446941,missing_essential:주방,12,실외기실:1;거실:1;기타:2;발코니:1;화장실:2;드레스룸:1;침실:3;현관:1
,APT_FP_e65effdc_17434935,no_unit_with_entrance,22,
APT_FP_5cdc3ba3_17446927_u0,APT_FP_5cdc3ba3_17446927,missing_essential:주방,13,기타:4;침실:3;화장실:2;현관:1;발코니:1;드레스룸:1;거실:1
APT_FP_8c3276d5_17446927_u1,APT_FP_8c3276d5_17446927,missing_essential:주방,12,화장실:2;발코니:1;드레스룸:1;침실:3;기타:2;거실:1;실외기실:1;현관:1
APT_FP_8c3276d5_17446927_u2,APT_FP_8c3276d5_17446927,missing_essential:주방,10,거실:1;드레스룸:1;실외기실:1;현관:1;화장실:2;침실:3;발코니:1
APT_FP_c77e9c22_17434935_u0,APT_FP_c77e9c22_17434935,"missing_essential:거실,침실,주방,화장실",2,현관:1;기타:1
APT_FP_914a1388_17446927_u2,APT_FP_914a1388_17446927,missing_essential:주방,12,기타:2;침실:3;드레스룸:1;거실:1;실외기실:1;화장실:2;발코니:1;현관:1
,APT_FP_11806a79_17434935,no_unit_with_entrance,16,
APT_FP_f61bed49_17441963_u0,APT_FP_f61bed49_17441963,"missing_essential:거실,침실,주방,화장실",2,현관:1;기타:1
APT_FP_73ae249b_17446927_u0,APT_FP_73ae249b_17446927,"missing_essential:거실,침실,주방,화장실",3,기타:2;현관:1
APT_FP_3523835f_17438443_u0,APT_FP_3523835f_17438443,missing_essential:주방,11,침실:3;실외기실:1;현관:1;드레스룸:2;화장실:2;거실:1;기타:1
APT_FP_a6fb7291_17446927_u2,APT_FP_a6fb7291_17446927,missing_essential:주방,12,기타:2;거실:1;실외기실:1;침실:3;드레스룸:1;화장실:2;발코니:1;현관:1
,APT_FP_6acdf5cd_17441963,no_unit_with_entrance,13,
APT_FP_7234d3a5_17434935_u0,APT_FP_7234d3a5_17434935,missing_essential:주방,18,현관:1;기타:4;화장실:3;드레스룸:2;침실:4;거실:1;발코니:2;실외기실:1
,APT_FP_425052eb_17446927,no_unit_with_entrance,18,
,APT_FP_1fcc7bae_17441963,no_unit_with_entrance,23,
APT_FP_e61623cf_17434935_u0,APT_FP_e61623cf_17434935,missing_essential:주방,9,화장실:2;기타:1;거실:1;현관:1;침실:3;발코니:1
,APT_FP_836412c7_17434935,no_unit_with_entrance,15,
APT_FP_44bb3970_17434935_u0,APT_FP_44bb3970_17434935,"missing_essential:거실,침실,주방,화장실",2,기타:1;현관:1
APT_FP_636af310_17441963_u0,APT_FP_636af310_17441963,"missing_essential:거실,주방",6,침실:2;기타:2;현관:1;화장실:1
APT_FP_7c8ad583_17446927_u1,APT_FP_7c8ad583_17446927,missing_essential:주방,12,기타:2;침실:3;현관:1;화장실:2;실외기실:1;거실:1;발코니:1;드레스룸:1
APT_FP_f9a2b995_17434935_u0,APT_FP_f9a2b995_17434935,missing_essential:주방,11,화장실:2;발코니:2;침실:2;기타:2;현관:1;드레스룸:1;거실:1
APT_FP_d5cd5831_17446927_u2,APT_FP_d5cd5831_17446927,missing_essential:주방,12,침실:3;현관:1;화장실:2;발코니:1;기타:2;거실:1;실외기실:1;드레스룸:1
APT_FP_d14d19e9_17446927_u0,APT_FP_d14d19e9_17446927,missing_essential:주방,14,기타:2;실외기실:1;현관:1;다목적공간:1;침실:4;화장실:2;발코니:1;드레스룸:1;거실:1
,APT_FP_49e98a56_17434935,no_unit_with_entrance,17,
,APT_FP_e5e29a43_17441963,no_unit_with_entrance,18,
APT_FP_dcf6467a_17434935_u0,APT_FP_dcf6467a_17434935,missing_essential:주방,12,드레스룸:2;화장실:2;침실:3;발코니:1;거실:1;기타:2;현관:1
APT_FP_c87aa945_17434935_u0,APT_FP_c87aa945_17434935,"missing_essential:거실,침실,주방,화장실",2,현관:1;기타:1
APT_FP_7b069f44_17438443_u0,APT_FP_7b069f44_17438443,missing_essential:주방,11,실외기실:1;침실:3;화장실:3;거실:1;기타:2;현관:1
APT_FP_7f77ade6_17446927_u1,APT_FP_7f77ade6_17446927,missing_essential:주방,10,드레스룸:1;실외기실:1;거실:1;화장실:2;침실:3;현관:1;발코니:1
APT_FP_e926b283_17438514_u0,APT_FP_e926b283_17438514,missing_essential:주방,10,발코니:2;침실:3;거실:1;실외기실:1;기타:1;화장실:1;현관:1
APT_FP_cceac8ae_17446927_u0,APT_FP_cceac8ae_17446927,missing_essential:주방,10,드레스룸:1;실외기실:1;현관:1;발코니:1;거실:1;화장실:2;침실:3
APT_FP_40f4e1e2_17446927_u1,APT_FP_40f4e1e2_17446927,"missing_essential:거실,침실,주방,화장실",2,기타:1;현관:1
APT_FP_78cb3f10_17434935_u0,APT_FP_78cb3f10_17434935,"missing_essential:거실,침실,주방,화장실",2,현관:1;기타:1
APT_FP_16288831_17446927_u2,APT_FP_16288831_17446927,missing_essential:주방,12,실외기실:1;거실:1;기타:2;발코니:1;화장실:2;드레스룸:1;침실:3;현관:1
APT_FP_360664f9_17434935_u0,APT_FP_360664f9_17434935,missing_essential:주방,14,침실:3;기타:5;화장실:2;현관:1;드레스룸:1;발코니:1;거실:1
,APT_FP_06bbe9da_17441963,no_unit_with_entrance,19,
APT_FP_43f71f7c_17434935_u0,APT_FP_43f71f7c_17434935,missing_essential:주방,15,기타:2;화장실:2;침실:3;발코니:2;거실:2;드레스룸:2;현관:1;실외기실:1
APT_FP_d65f79dd_17446927_u0,APT_FP_d65f79dd_17446927,"missing_essential:거실,침실,주방,화장실",2,현관:1;기타:1
APT_FP_557d449b_17446927_u0,APT_FP_557d449b_17446927,missing_essential:주방,10,실외기실:1;거실:1;화장실:2;침실:3;현관:1;발코니:1;드레스룸:1
APT_FP_b811234b_17446941_u0,APT_FP_b811234b_17446941,"missing_essential:거실,침실,화장실",4,주방:1;발코니:1;기타:1;현관:1
,APT_FP_6e640c33_17441963,no_unit_with_entrance,20,
APT_FP_97808394_17446927_u1,APT_FP_97808394_17446927,"missing_essential:거실,침실,주방,화장실",2,현관:1;기타:1
APT_FP_58144a16_17434935_u0,APT_FP_58144a16_17434935,"missing_essential:거실,침실,주방,화장실",2,현관:1;기타:1
,APT_FP_a6d7dab3_17441963,no_unit_with_entrance,21,
APT_FP_4b0ee56a_17441963_u0,APT_FP_4b0ee56a_17441963,missing_essential:주방,11,현관:1;화장실:2;발코니:3;드레스룸:1;침실:3;거실:1
,APT_FP_4f7683b8_17441963,no_unit_with_entrance,13,
APT_FP_16cb6a6b_17446927_u1,APT_FP_16cb6a6b_17446927,missing_essential:주방,12,기타:2;침실:3;현관:1;실외기실:1;거실:1;발코니:1;화장실:2;드레스룸:1
APT_FP_16cb6a6b_17446927_u2,APT_FP_16cb6a6b_17446927,missing_essential:주방,12,실외기실:1;거실:1;기타:2;발코니:1;화장실:2;드레스룸:1;침실:3;현관:1
APT_FP_ea14da99_17434935_u0,APT_FP_ea14da99_17434935,missing_essential:주방,11,현관:1;침실:4;드레스룸:1;거실:1;실외기실:1;화장실:2;발코니:1
APT_FP_a4179086_17441963_u0,APT_FP_a4179086_17441963,"missing_essential:거실,침실,주방,화장실",3,기타:1;다목적공간:1;현관:1
APT_FP_3c05ee23_17446927_u2,APT_FP_3c05ee23_17446927,missing_essential:주방,10,침실:3;드레스룸:1;실외기실:1;현관:1;발코니:1;화장실:2;거실:1
APT_FP_cdbb90e0_17446927_u0,APT_FP_cdbb90e0_17446927,missing_essential:주방,10,현관:1;드레스룸:1;실외기실:1;거실:1;침실:3;화장실:2;발코니:1
APT_FP_cdbb90e0_17446927_u2,APT_FP_cdbb90e0_17446927,missing_essential:주방,10,드레스룸:1;실외기실:1;거실:1;화장실:2;침실:3;현관:1;발코니:1
APT_FP_cdbb90e0_17446927_u3,APT_FP_cdbb90e0_17446927,missing_essential:주방,12,기타:2;발코니:1;화장실:2;드레스룸:1;침실:3;현관:1;실외기실:1;거실:1
APT_FP_cf65c6ed_17446927_u0,APT_FP_cf65c6ed_17446927,missing_essential:주방,10,화장실:2;침실:3;현관:1;드레스룸:1;발코니:1;거실:1;실외기실:1
APT_FP_ca76e402_17446927_u1,APT_FP_ca76e402_17446927,missing_essential:주방,10,화장실:2;드레스룸:1;실외기실:1;침실:3;거실:1;현관:1;발코니:1
,APT_FP_72917af5_17441963,no_unit_with_entrance,19,
APT_FP_57282422_17434935_u0,APT_FP_57282422_17434935,"missing_essential:거실,침실,주방,화장실",2,기타:1;현관:1
APT_FP_1ec9fd88_17441963_u0,APT_FP_1ec9fd88_17441963,missing_essential:주방,11,거실:1;침실:3;실외기실:1;발코니:1;화장실:2;현관:1;기타:2
,APT_FP_4c232a11_17434935,no_unit_with_entrance,17,
APT_FP_0c4fbc1d_17446927_u1,APT_FP_0c4fbc1d_17446927,missing_essential:주방,10,침실:3;드레스룸:1;실외기실:1;거실:1;발코니:1;화장실:2;현관:1
APT_FP_2ac9bd0c_17438514_u0,APT_FP_2ac9bd0c_17438514,missing_essential:화장실,9,침실:2;발코니:2;거실:1;주방:1;기타:2;현관:1
APT_FP_db3a8e05_17446927_u1,APT_FP_db3a8e05_17446927,missing_essential:주방,12,거실:1;기타:2;발코니:1;화장실:2;드레스룸:1;침실:3;실외기실:1;현관:1
,APT_FP_b71ca13f_17434935,no_unit_with_entrance,23,
APT_FP_22b69460_17446927_u3,APT_FP_22b69460_17446927,missing_essential:주방,12,실외기실:1;거실:1;기타:2;발코니:1;화장실:2;드레스룸:1;침실:3;현관:1
APT_FP_2058b188_17446941_u3,APT_FP_2058b188_17446941,missing_essential:주방,10,화장실:2;침실:3;드레스룸:1;실외기실:1;거실:1;현관:1;발코니:1
,APT_FP_74dc1a6e_17441963,no_unit_with_entrance,15,
APT_FP_e99b2c9b_17446927_u1,APT_FP_e99b2c9b_17446927,missing_essential:주방,10,거실:1;화장실:2;침실:3;실외기실:1;현관:1;발코니:1;드레스룸:1
APT_FP_e99b2c9b_17446927_u2,APT_FP_e99b2c9b_17446927,missing_essential:주방,12,침실:3;현관:1;실외기실:1;거실:1;기타:2;발코니:1;화장실:2;드레스룸:1
APT_FP_32fb953b_17446927_u0,APT_FP_32fb953b_17446927,missing_essential:주방,10,실외기실:1;거실:1;화장실:2;침실:3;현관:1;발코니:1;드레스룸:1
APT_FP_32fb953b_17446927_u3,APT_FP_32fb953b_17446927,missing_essential:주방,10,발코니:1;화장실:2;침실:3;거실:1;실외기실:1;드레스룸:1;현관:1
APT_FP_35006f37_17446927_u1,APT_FP_35006f37_17446927,missing_essential:주방,10,드레스룸:1;실외기실:1;거실:1;화장실:2;침실:3;현관:1;발코니:1
APT_FP_35006f37_17446927_u2,APT_FP_35006f37_17446927,missing_essential:주방,12,기타:2;침실:3;현관:1;실외기실:1;거실:1;발코니:1;화장실:2;드레스룸:1
APT_FP_35006f37_17446927_u3,APT_FP_35006f37_17446927,missing_essential:주방,10,침실:3;드레스룸:1;실외기실:1;거실:1;화장실:2;현관:1;발코니:1
APT_FP_4e980e23_17446927_u2,APT_FP_4e980e23_17446927,missing_essential:주방,12,기타:2;발코니:1;화장실:2;드레스룸:1;침실:3;현관:1;실외기실:1;거실:1
,APT_FP_6889540b_17438514,no_unit_with_entrance,11,
APT_FP_b8561516_17434935_u0,APT_FP_b8561516_17434935,"missing_essential:거실,침실,주방,화장실",2,기타:1;현관:1
APT_FP_95b5a905_17434935_u2,APT_FP_95b5a905_17434935,missing_essential:주방,14,현관:1;침실:3;화장실:2;실외기실:1;발코니:3;거실:1;기타:1;드레스룸:2
APT_FP_077d0f36_17434935_u3,APT_FP_077d0f36_17434935,missing_essential:주방,14,실외기실:1;침실:3;발코니:3;현관:1;화장실:2;거실:1;드레스룸:2;기타:1
APT_FP_b5ec9ad9_17441963_u0,APT_FP_b5ec9ad9_17441963,missing_essential:주방,15,발코니:5;화장실:2;기타:2;현관:1;침실:3;실외기실:1;거실:1
,APT_FP_99a5e560_17434935,no_unit_with_entrance,24,
APT_FP_f13092b4_17434935_u0,APT_FP_f13092b4_17434935,"missing_essential:거실,침실,주방,화장실",2,기타:1;현관:1
APT_FP_81acb099_17446927_u2,APT_FP_81acb099_17446927,missing_essential:주방,12,기타:2;침실:3;현관:1;화장실:2;실외기실:1;거실:1;발코니:1;드레스룸:1
APT_FP_66d8e962_17446927_u0,APT_FP_66d8e962_17446927,missing_essential:주방,12,실외기실:1;거실:1;기타:2;발코니:1;화장실:2;드레스룸:1;침실:3;현관:1
APT_FP_d7b113c2_17438514_u0,APT_FP_d7b113c2_17438514,missing_essential:주방,13,발코니:2;거실:1;침실:3;현관:1;기타:3;화장실:2;실외기실:1
APT_FP_08dd5fa4_17446927_u1,APT_FP_08dd5fa4_17446927,missing_essential:주방,10,드레스룸:1;실외기실:1;거실:1;화장실:2;침실:3;현관:1;발코니:1
APT_FP_08dd5fa4_17446927_u2,APT_FP_08dd5fa4_17446927,missing_essential:주방,12,기타:2;침실:3;현관:1;실외기실:1;거실:1;발코니:1;화장실:2;드레스룸:1
APT_FP_8fd50f61_17446941_u3,APT_FP_8fd50f61_17446941,missing_essential:주방,12,거실:1;기타:2;발코니:1;화장실:2;드레스룸:1;실외기실:1;침실:3;현관:1
APT_FP_4e86a829_17446927_u3,APT_FP_4e86a829_17446927,missing_essential:주방,10,드레스룸:1;실외기실:1;거실:1;화장실:2;침실:3;현관:1;발코니:1
APT_FP_2370c0e7_17434935_u0,APT_FP_2370c0e7_17434935,"missing_essential:거실,침실,주방,화장실",2,기타:1;현관:1
APT_FP_4adc2abc_17446927_u0,APT_FP_4adc2abc_17446927,missing_essential:침실,7,현관:1;기타:1;다목적공간:1;거실:1;화장실:1;실외기실:1;주방:1
APT_FP_5d6da893_17441963_u0,APT_FP_5d6da893_17441963,missing_essential:주방,12,드레스룸:1;발코니:1;침실:3;현관:1;기타:3;화장실:2;거실:1
APT_FP_276ed159_17446927_u0,APT_FP_276ed159_17446927,missing_essential:주방,12,침실:3;드레스룸:1;거실:1;기타:2;화장실:2;발코니:1;실외기실:1;현관:1
,APT_FP_3da23603_17446927,no_unit_with_entrance,16,
APT_FP_ff86c90d_17446927_u0,APT_FP_ff86c90d_17446927,"missing_essential:거실,침실,주방,화장실",2,기타:1;현관:1
APT_FP_41a87078_17446927_u1,APT_FP_41a87078_17446927,missing_essential:주방,12,현관:1;실외기실:1;거실:1;기타:2;발코니:1;화장실:2;드레스룸:1;침실:3
APT_FP_41a87078_17446927_u3,APT_FP_41a87078_17446927,missing_essential:주방,12,기타:2;침실:3;현관:1;실외기실:1;거실:1;발코니:1;화장실:2;드레스룸:1
APT_FP_91b1143f_17446927_u0,APT_FP_91b1143f_17446927,missing_essential:주방,8,화장실:2;침실:2;거실:1;기타:2;현관:1
APT_FP_50ff61f3_17446927_u3,APT_FP_50ff61f3_17446927,missing_essential:주방,12,실외기실:1;거실:1;기타:2;발코니:1;화장실:2;드레스룸:1;침실:3;현관:1
APT_FP_51f0af43_17434935_u0,APT_FP_51f0af43_17434935,"missing_essential:거실,침실,주방,화장실",2,기타:1;현관:1
APT_FP_85cc8d52_17434935_u0,APT_FP_85cc8d52_17434935,missing_essential:거실,16,침실:2;주방:2;현관:2;기타:4;실외기실:2;발코니:2;화장실:2
APT_FP_db4acdbf_17446941_u0,APT_FP_db4acdbf_17446941,missing_essential:주방,10,드레스룸:1;현관:1;실외기실:1;발코니:1;거실:1;침실:3;화장실:2
APT_FP_4e5596ab_17446927_u2,APT_FP_4e5596ab_17446927,missing_essential:주방,12,실외기실:1;발코니:1;기타:2;거실:1;침실:3;드레스룸:1;화장실:2;현관:1
,APT_FP_a8d89a5c_17434935,no_unit_with_entrance,20,
APT_FP_15d69718_17446927_u3,APT_FP_15d69718_17446927,missing_essential:주방,12,실외기실:1;거실:1;기타:2;발코니:1;화장실:2;드레스룸:1;침실:3;현관:1
,APT_FP_49b796c0_17441963,no_unit_with_entrance,21,
APT_FP_e96dc57b_17446927_u3,APT_FP_e96dc57b_17446927,missing_essential:주방,12,침실:3;기타:2;현관:1;실외기실:1;거실:1;발코니:1;화장실:2;드레스룸:1
,APT_FP_860bddf1_17441963,no_unit_with_entrance,23,
APT_FP_92b06aca_17434935_u0,APT_FP_92b06aca_17434935,missing_essential:주방,15,기타:5;드레스룸:1;침실:3;거실:1;발코니:2;화장실:2;현관:1
APT_FP_575b4f5b_17434935_u0,APT_FP_575b4f5b_17434935,missing_essential:주방,13,현관:1;거실:1;침실:3;발코니:4;기타:1;드레스룸:1;화장실:2
APT_FP_342ddd9c_17446927_u1,APT_FP_342ddd9c_17446927,"missing_essential:거실,침실,주방,화장실",2,기타:1;현관:1
APT_FP_a5d769f7_17434935_u0,APT_FP_a5d769f7_17434935,"missing_essential:거실,침실,주방,화장실",2,현관:1;기타:1
APT_FP_0b50df65_17434935_u0,APT_FP_0b50df65_17434935,"missing_essential:거실,침실,주방,화장실",2,기타:1;현관:1
APT_FP_42d36d0e_17434935_u0,APT_FP_42d36d0e_17434935,missing_essential:주방,15,발코니:5;거실:1;기타:2;화장실:2;현관:1;침실:3;드레스룸:1
,APT_FP_68429aa6_17434935,no_unit_with_entrance,20,
APT_FP_c08b43a2_17434935_u0,APT_FP_c08b43a2_17434935,missing_essential:주방,9,화장실:1;기타:2;발코니:1;현관:1;침실:3;거실:1
APT_FP_48796ac8_17434935_u0,APT_FP_48796ac8_17434935,missing_essential:주방,10,기타:2;발코니:3;거실:1;침실:2;화장실:1;현관:1
APT_FP_d89dce24_17446927_u1,APT_FP_d89dce24_17446927,missing_essential:주방,14,기타:4;거실:1;현관:1;화장실:2;실외기실:1;발코니:2;침실:2;드레스룸:1
APT_FP_eb018b0b_17446927_u3,APT_FP_eb018b0b_17446927,missing_essential:주방,10,실외기실:1;침실:3;화장실:2;드레스룸:1;거실:1;발코니:1;현관:1
APT_FP_97013637_17446927_u1,APT_FP_97013637_17446927,missing_essential:주방,10,발코니:1;드레스룸:1;거실:1;침실:3;현관:1;실외기실:1;화장실:2
,APT_FP_58f5f3d5_17441963,no_unit_with_entrance,18,
APT_FP_6b2e8d26_17446927_u3,APT_FP_6b2e8d26_17446927,missing_essential:주방,10,발코니:1;침실:3;실외기실:1;거실:1;드레스룸:1;화장실:2;현관:1
,APT_FP_39b5338e_17441963,no_unit_with_entrance,20,
APT_FP_1597cedd_17446927_u0,APT_FP_1597cedd_17446927,missing_essential:주방,12,기타:2;화장실:2;드레스룸:1;침실:3;현관:1;실외기실:1;거실:1;발코니:1
APT_FP_1597cedd_17446927_u2,APT_FP_1597cedd_17446927,missing_essential:주방,12,기타:2;침실:3;현관:1;실외기실:1;거실:1;발코니:1;화장실:2;드레스룸:1
APT_FP_d4692642_17434935_u0,APT_FP_d4692642_17434935,missing_essential:주방,13,기타:2;현관:1;침실:3;드레스룸:1;화장실:2;거실:1;발코니:3
APT_FP_a3512224_17434935_u0,APT_FP_a3512224_17434935,missing_essential:주방,13,기타:2;화장실:2;침실:3;현관:1;드레스룸:3;발코니:1;거실:1
APT_FP_20eedc5d_17446927_u0,APT_FP_20eedc5d_17446927,missing_essential:주방,10,드레스룸:1;실외기실:1;거실:1;화장실:2;침실:3;현관:1;발코니:1
APT_FP_20eedc5d_17446927_u3,APT_FP_20eedc5d_17446927,missing_essential:주방,12,기타:2;발코니:1;화장실:2;드레스룸:1;침실:3;현관:1;실외기실:1;거실:1
APT_FP_621ccea3_17438443_u1,APT_FP_621ccea3_17438443,missing_essential:주방,13,드레스룸:2;화장실:2;기타:1;발코니:2;현관:1;침실:3;실외기실:1;거실:1
APT_FP_204d0ca7_17434935_u3,APT_FP_204d0ca7_17434935,missing_essential:주방,14,기타:1;드레스룸:2;침실:3;화장실:2;발코니:3;현관:1;실외기실:1;거실:1
APT_FP_4f815c9e_17441963_u0,APT_FP_4f815c9e_17441963,missing_essential:주방,12,드레스룸:2;기타:1;침실:3;화장실:3;거실:1;발코니:1;현관:1
APT_FP_2a4ee1e4_17446927_u1,APT_FP_2a4ee1e4_17446927,"missing_essential:거실,침실,주방,화장실",2,현관:1;기타:1
APT_FP_b88df2a9_17441963_u0,APT_FP_b88df2a9_17441963,missing_essential:주방,13,침실:5;거실:1;현관:1;화장실:2;드레스룸:1;발코니:3
APT_FP_45002183_17434935_u0,APT_FP_45002183_17434935,"missing_essential:거실,침실,주방",3,화장실:1;기타:1;현관:1
,APT_FP_31a8989a_17446927,no_unit_with_entrance,30,
,APT_FP_fc396910_17434935,no_unit_with_entrance,22,
APT_FP_525bf9b0_17434935_u0,APT_FP_525bf9b0_17434935,missing_essential:주방,10,드레스룸:1;현관:1;화장실:2;발코니:2;침실:3;거실:1
APT_FP_b6248f3a_17446927_u2,APT_FP_b6248f3a_17446927,missing_essential:주방,12,침실:3;기타:2;실외기실:1;발코니:1;드레스룸:1;거실:1;현관:1;화장실:2
APT_FP_305a50ec_17434935_u0,APT_FP_305a50ec_17434935,missing_essential:주방,11,화장실:2;발코니:2;기타:2;현관:1;드레스룸:1;침실:2;거실:1
APT_FP_b3ab04f7_17441963_u0,APT_FP_b3ab04f7_17441963,"missing_essential:거실,침실,주방,화장실",2,기타:1;현관:1
APT_FP_ea1aa697_17434935_u0,APT_FP_ea1aa697_17434935,missing_essential:주방,7,현관:1;침실:3;거실:1;화장실:1;기타:1
,APT_FP_65d5bdd0_17441963,no_unit_with_entrance,22,
,APT_FP_623f9c80_17441963,no_unit_with_entrance,19,
APT_FP_a741b59a_17446927_u1,APT_FP_a741b59a_17446927,missing_essential:주방,12,기타:2;침실:3;현관:1;실외기실:1;거실:1;발코니:1;화장실:2;드레스룸:1
APT_FP_490fa6f8_17434935_u0,APT_FP_490fa6f8_17434935,"missing_essential:거실,침실,주방,화장실",2,기타:1;현관:1
APT_FP_45d644dd_17446927_u2,APT_FP_45d644dd_17446927,missing_essential:주방,10,거실:1;침실:3;화장실:2;드레스룸:1;현관:1;발코니:1;실외기실:1
APT_FP_9818903f_17446927_u2,APT_FP_9818903f_17446927,missing_essential:주방,12,화장실:2;발코니:1;기타:2;거실:1;침실:3;실외기실:1;현관:1;드레스룸:1
APT_FP_be2e9cb5_17434935_u0,APT_FP_be2e9cb5_17434935,missing_essential:주방,12,현관:1;발코니:3;거실:1;침실:2;실외기실:1;드레스룸:2;화장실:2
APT_FP_6f684d6d_17434935_u0,APT_FP_6f684d6d_17434935,missing_essential:주방,6,발코니:1;침실:2;거실:1;화장실:1;현관:1
,APT_FP_dbd5ae49_17434935,no_unit_with_entrance,22,
APT_FP_47ccb07d_17446927_u0,APT_FP_47ccb07d_17446927,missing_essential:주방,12,기타:3;드레스룸:1;거실:1;침실:2;발코니:1;화장실:2;실외기실:1;현관:1
APT_FP_f98663c4_17434935_u0,APT_FP_f98663c4_17434935,"missing_essential:거실,침실,주방,화장실",2,현관:1;기타:1
APT_FP_8171da68_17446927_u2,APT_FP_8171da68_17446927,missing_essential:주방,12,기타:2;침실:3;현관:1;실외기실:1;거실:1;발코니:1;화장실:2;드레스룸:1
,APT_FP_d2d60c6d_17434935,no_unit_with_entrance,19,
APT_FP_263813e7_17441963_u0,APT_FP_263813e7_17441963,missing_essential:주방,16,기타:4;발코니:4;현관:1;거실:1;침실:2;화장실:2;드레스룸:2
APT_FP_aa0e165e_17446927_u0,APT_FP_aa0e165e_17446927,missing_essential:주방,7,화장실:2;침실:2;기타:1;거실:1;현관:1
APT_FP_aa0e165e_17446927_u1,APT_FP_aa0e165e_17446927,missing_essential:주방,7,침실:2;화장실:2;거실:1;현관:1;기타:1
APT_FP_e819a8a0_17438443_u1,APT_FP_e819a8a0_17438443,missing_essential:주방,13,거실:1;기타:1;실외기실:1;화장실:2;침실:3;발코니:2;드레스룸:2;현관:1
APT_FP_10b1b0fb_17446927_u1,APT_FP_10b1b0fb_17446927,missing_essential:주방,12,기타:2;침실:3;현관:1;실외기실:1;거실:1;발코니:1;화장실:2;드레스룸:1
APT_FP_ee888b51_17446927_u0,APT_FP_ee888b51_17446927,missing_essential:주방,10,현관:1;발코니:1;화장실:2;침실:3;드레스룸:1;실외기실:1;거실:1
APT_FP_6ee3ff3b_17434935_u0,APT_FP_6ee3ff3b_17434935,missing_essential:거실,16,침실:2;발코니:2;실외기실:2;주방:2;기타:4;현관:2;화장실:2
APT_FP_e18902b5_17434935_u0,APT_FP_e18902b5_17434935,"missing_essential:거실,침실,주방,화장실",2,현관:1;기타:1
APT_FP_c0d147bd_17441963_u0,APT_FP_c0d147bd_17441963,missing_essential:주방,15,현관:1;침실:3;발코니:7;거실:1;화장실:3
APT_FP_96549f6c_17434935_u0,APT_FP_96549f6c_17434935,"missing_essential:거실,침실,주방,화장실",2,현관:1;기타:1
APT_FP_86a37dea_17434935_u2,APT_FP_86a37dea_17434935,missing_essential:주방,14,발코니:3;현관:1;침실:3;화장실:2;실외기실:1;거실:1;기타:1;드레스룸:2
APT_FP_86a37dea_17434935_u3,APT_FP_86a37dea_17434935,missing_essential:주방,14,거실:1;기타:1;드레스룸:2;침실:3;화장실:2;발코니:3;현관:1;실외기실:1
APT_FP_91d4df38_17446927_u2,APT_FP_91d4df38_17446927,missing_essential:주방,12,기타:2;침실:3;현관:1;실외기실:1;거실:1;발코니:1;화장실:2;드레스룸:1
,APT_FP_e1aada7c_17434935,no_unit_with_entrance,24,
APT_FP_9f0e5751_17446927_u1,APT_FP_9f0e5751_17446927,missing_essential:주방,10,화장실:2;침실:3;발코니:1;현관:1;드레스룸:1;실외기실:1;거실:1
APT_FP_50f65260_17441963_u0,APT_FP_50f65260_17441963,"missing_essential:거실,침실,주방,화장실",3,기타:1;현관:1;다목적공간:1
APT_FP_8052b4c4_17446927_u2,APT_FP_8052b4c4_17446927,missing_essential:주방,10,침실:3;화장실:2;거실:1;실외기실:1;드레스룸:1;현관:1;발코니:1
APT_FP_8052b4c4_17446927_u3,APT_FP_8052b4c4_17446927,missing_essential:주방,12,실외기실:1;거실:1;기타:2;발코니:1;화장실:2;드레스룸:1;침실:3;현관:1
APT_FP_8569d87f_17434935_u1,APT_FP_8569d87f_17434935,missing_essential:주방,14,침실:3;화장실:2;실외기실:1;발코니:3;거실:1;기타:1;드레스룸:2;현관:1
APT_FP_f2ca0f59_17446927_u0,APT_FP_f2ca0f59_17446927,missing_essential:주방,20,화장실:2;기타:5;거실:1;발코니:5;드레스룸:1;침실:4;현관:1;다목적공간:1
APT_FP_bf63162b_17446927_u3,APT_FP_bf63162b_17446927,missing_essential:주방,12,기타:2;침실:3;현관:1;실외기실:1;거실:1;발코니:1;화장실:2;드레스룸:1
,APT_FP_17a1ccc3_17446927,no_unit_with_entrance,14,
APT_FP_e1fc2f5d_17434935_u0,APT_FP_e1fc2f5d_17434935,"missing_essential:거실,침실,주방,화장실",3,기타:2;현관:1
APT_FP_066d53e2_17441963_u0,APT_FP_066d53e2_17441963,missing_essential:주방,9,거실:1;발코니:1;현관:1;침실:3;화장실:2;기타:1
APT_FP_a32fd946_17446927_u3,APT_FP_a32fd946_17446927,missing_essential:주방,10,화장실:2;침실:3;실외기실:1;드레스룸:1;발코니:1;현관:1;거실:1
,APT_FP_207fdb72_17434935,no_unit_with_entrance,23,
APT_FP_896585b8_17446927_u3,APT_FP_896585b8_17446927,missing_essential:주방,10,드레스룸:1;실외기실:1;거실:1;화장실:2;침실:3;현관:1;발코니:1
,APT_FP_4ca15484_17441963,no_unit_with_entrance,18,
APT_FP_9f01d4f9_17438443_u0,APT_FP_9f01d4f9_17438443,missing_essential:주방,11,기타:1;드레스룸:2;현관:1;침실:3;화장실:2;실외기실:1;거실:1
APT_FP_97c63f67_17441963_u0,APT_FP_97c63f67_17441963,"missing_essential:거실,침실,주방,화장실",2,기타:1;현관:1
APT_FP_bb2f26f0_17446927_u3,APT_FP_bb2f26f0_17446927,missing_essential:주방,12,침실:3;현관:1;실외기실:1;거실:1;기타:2;발코니:1;화장실:2;드레스룸:1
,APT_FP_c079d5f2_17441963,no_unit_with_entrance,16,
,DEH_FP_3a809b61_17446927,too_few_rooms,1,
DEH_FP_88a22465_17442034_u0,DEH_FP_88a22465_17442034,"missing_essential:거실,침실,주방,화장실",2,현관:1;기타:1
DEH_FP_2c12c720_17442034_u0,DEH_FP_2c12c720_17442034,missing_essential:주방,6,침실:2;거실:1;화장실:2;현관:1
,DEH_FP_dbab8a29_17434935,too_few_rooms,1,
,DEH_FP_dd817ff3_17441963,no_unit_with_entrance,8,
,DEH_FP_1e1b8026_17446927,no_unit_with_entrance,3,
,DEH_FP_7fd9469b_17442034,no_unit_with_entrance,2,
DEH_FP_de82e3d6_17442034_u0,DEH_FP_de82e3d6_17442034,"missing_essential:거실,침실,화장실",3,현관:1;다목적공간:1;주방:1
,DEH_FP_760143b6_17442034,no_unit_with_entrance,19,
,DEH_FP_77746b17_17446927,no_unit_with_entrance,2,
DEH_FP_a2b8d3b4_17441963_u0,DEH_FP_a2b8d3b4_17441963,missing_essential:주방,7,화장실:2;기타:1;드레스룸:1;현관:1;침실:1;거실:1
DEH_FP_e7fcf40f_17442034_u0,DEH_FP_e7fcf40f_17442034,"missing_essential:거실,침실,주방,화장실",2,현관:1;기타:1
DEH_FP_781620a4_17442034_u0,DEH_FP_781620a4_17442034,missing_essential:주방,15,발코니:3;침실:3;화장실:2;기타:3;현관:2;거실:1;드레스룸:1
DEH_FP_8f768080_17445033_u0,DEH_FP_8f768080_17445033,"missing_essential:거실,주방,화장실",2,침실:1;현관:1
ROW_FP_7869ec6f_17441977_u0,ROW_FP_7869ec6f_17441977,"missing_essential:거실,침실,주방",9,기타:5;화장실:2;현관:1;발코니:1
ROW_FP_cea1b9eb_17441977_u0,ROW_FP_cea1b9eb_17441977,missing_essential:거실,5,기타:1;침실:1;현관:1;화장실:1;주방:1
,ROW_FP_0efbcf18_17441963,no_unit_with_entrance,4,
,ROW_FP_1e4f692b_17441963,no_unit_with_entrance,12,
ROW_FP_ab1cdc4b_17441977_u0,ROW_FP_ab1cdc4b_17441977,"missing_essential:거실,침실,주방",4,발코니:1;기타:1;화장실:1;현관:1
ROW_FP_6c518911_17441963_u0,ROW_FP_6c518911_17441963,"missing_essential:거실,주방",5,침실:1;현관:2;화장실:1;다목적공간:1
,ROW_FP_8bdffa62_17441963,no_unit_with_entrance,17,
,ROW_FP_c6ff25bb_17441977,no_unit_with_entrance,32,
,ROW_FP_fe695f81_17441963,no_unit_with_entrance,3,
ROW_FP_505181a6_17441963_u1,ROW_FP_505181a6_17441963,missing_essential:거실,9,화장실:2;기타:1;침실:3;드레스룸:1;현관:1;주방:1
,ROW_FP_bba80eb9_17441963,no_unit_with_entrance,4,
,ROW_FP_0b83c9cc_17441977,no_unit_with_entrance,16,
,ROW_FP_6b90b9ec_17441977,no_unit_with_entrance,10,
,ROW_FP_7be96fae_17441963,no_unit_with_entrance,19,
,ROW_FP_ee29812a_17441963,no_unit_with_entrance,3,
ROW_FP_34d02c7f_17441977_u1,ROW_FP_34d02c7f_17441977,"missing_essential:거실,침실",6,주방:1;화장실:1;기타:3;현관:1
,ROW_FP_dd60cf66_17441963,no_unit_with_entrance,9,
ROW_FP_af7eb4dc_17441977_u0,ROW_FP_af7eb4dc_17441977,missing_essential:침실,8,기타:4;화장실:1;주방:1;거실:1;현관:1
ROW_FP_af7eb4dc_17441977_u1,ROW_FP_af7eb4dc_17441977,missing_essential:침실,4,현관:1;거실:1;화장실:1;주방:1
ROW_FP_af7eb4dc_17441977_u2,ROW_FP_af7eb4dc_17441977,missing_essential:침실,4,주방:1;화장실:1;현관:1;거실:1
,ROW_FP_55333070_17441963,no_unit_with_entrance,14,
,ROW_FP_ea0ea4f3_17442034,no_unit_with_entrance,11,
,ROW_FP_591e12ae_17441963,no_unit_with_entrance,4,
ROW_FP_762a887e_17441977_u0,ROW_FP_762a887e_17441977,missing_essential:주방,5,드레스룸:1;현관:1;거실:1;침실:1;화장실:1
,ROW_FP_bc44a78e_17441977,no_unit_with_entrance,16,
ROW_FP_35bda8b6_17441977_u1,ROW_FP_35bda8b6_17441977,"missing_essential:거실,주방",5,침실:2;화장실:2;현관:1
ROW_FP_35bda8b6_17441977_u2,ROW_FP_35bda8b6_17441977,missing_essential:거실,7,현관:2;주방:1;침실:2;화장실:2
ROW_FP_35bda8b6_17441977_u3,ROW_FP_35bda8b6_17441977,"missing_essential:거실,침실,화장실",2,주방:1;현관:1
ROW_FP_f4c8260d_17441963_u0,ROW_FP_f4c8260d_17441963,"missing_essential:거실,침실,주방,화장실",3,현관:1;기타:2
ROW_FP_5c4ea5ef_17442034_u0,ROW_FP_5c4ea5ef_17442034,"missing_essential:거실,침실,화장실",5,현관:1;발코니:1;주방:1;다목적공간:1;기타:1
,ROW_FP_e515af8f_17441963,no_unit_with_entrance,7,
,ROW_FP_42ca21c9_17441963,no_unit_with_entrance,8,
ROW_FP_6d381552_17441963_u0,ROW_FP_6d381552_17441963,"missing_essential:침실,주방",6,거실:2;화장실:2;현관:2
,ROW_FP_258ebcb9_17441963,no_unit_with_entrance,5,
,ROW_FP_f3a98be6_17441963,no_unit_with_entrance,7,
,ROW_FP_27b2bf87_17441963,no_unit_with_entrance,17,
,ROW_FP_b62fb0f6_17442034,no_unit_with_entrance,5,
,ROW_FP_016b5a81_17442034,no_unit_with_entrance,10,
,ROW_FP_8477f862_17441963,no_unit_with_entrance,10,
,ROW_FP_0d512b46_17441963,no_unit_with_entrance,3,
,ROW_FP_eb5112d6_17441963,no_unit_with_entrance,11,
,ROW_FP_c2beb4f2_17441977,no_unit_with_entrance,18,
,ROW_FP_9300ce14_17441963,no_unit_with_entrance,12,
APT_FP_6942e7d6_17434935_u1,APT_FP_6942e7d6_17434935,missing_essential:주방,14,발코니:3;침실:3;화장실:2;드레스룸:2;기타:1;거실:1;실외기실:1;현관:1
ROW_FP_3a7e70da_17442034_u0,ROW_FP_3a7e70da_17442034,missing_essential:주방,8,거실:1;화장실:1;현관:1;침실:2;발코니:1;기타:2
DEH_FP_c777acb3_17442034_u0,DEH_FP_c777acb3_17442034,"missing_essential:주방,화장실",4,거실:1;현관:1;침실:2
,DEH_FP_e715c0e4_17441963,no_unit_with_entrance,7,
APT_FP_24223f6b_17446927_u0,APT_FP_24223f6b_17446927,missing_essential:주방,12,침실:3;거실:1;기타:2;화장실:2;드레스룸:1;실외기실:1;발코니:1;현관:1
APT_FP_8f5fdf66_17446927_u2,APT_FP_8f5fdf66_17446927,missing_essential:주방,10,화장실:2;발코니:1;거실:1;현관:1;실외기실:1;침실:3;드레스룸:1
APT_FP_f97d4dbc_17438514_u0,APT_FP_f97d4dbc_17438514,missing_essential:주방,17,화장실:6;현관:1;드레스룸:3;침실:3;거실:1;기타:3
APT_FP_73c53252_17446927_u0,APT_FP_73c53252_17446927,missing_essential:주방,10,침실:3;드레스룸:1;실외기실:1;거실:1;화장실:2;현관:1;발코니:1
APT_FP_73c53252_17446927_u3,APT_FP_73c53252_17446927,missing_essential:주방,12,드레스룸:1;침실:3;기타:2;현관:1;발코니:1;실외기실:1;거실:1;화장실:2
,APT_FP_09c2d561_17446941,no_unit_with_entrance,17,
APT_FP_70fc6899_17446927_u0,APT_FP_70fc6899_17446927,missing_essential:침실,7,실외기실:1;주방:1;기타:1;다목적공간:1;화장실:1;거실:1;현관:1
,APT_FP_f6739272_17446927,no_unit_with_entrance,16,
,APT_FP_e907a9e3_17434935,no_unit_with_entrance,18,
APT_FP_ebf7d784_17446927_u0,APT_FP_ebf7d784_17446927,missing_essential:주방,10,현관:1;침실:3;화장실:2;발코니:1;드레스룸:1;실외기실:1;거실:1
APT_FP_a3640f76_17446927_u3,APT_FP_a3640f76_17446927,missing_essential:주방,12,드레스룸:1;현관:1;기타:2;침실:3;실외기실:1;화장실:2;거실:1;발코니:1
DEH_FP_2d080797_17441963_u1,DEH_FP_2d080797_17441963,missing_essential:거실,10,화장실:4;침실:1;현관:1;기타:2;주방:1;드레스룸:1
,DEH_FP_7513b30f_17442034,no_unit_with_entrance,4,
ROW_FP_7595641d_17441963_u1,ROW_FP_7595641d_17441963,missing_essential:주방,5,침실:1;거실:1;화장실:1;현관:1;기타:1
,DEH_FP_112d1385_17442034,no_unit_with_entrance,12,
DEH_FP_bcec7682_17442034_u0,DEH_FP_bcec7682_17442034,missing_essential:침실,6,주방:3;현관:1;거실:1;화장실:1
,ROW_FP_30b96a47_17442034,no_unit_with_entrance,14,
,ROW_FP_7da4dd76_17442034,no_unit_with_entrance,17,
ROW_FP_d86a648b_17441963_u0,ROW_FP_d86a648b_17441963,missing_essential:침실,6,현관:1;기타:2;거실:1;주방:1;화장실:1
